[{"model": "admin.logentry", "pk": 1, "fields": {"action_time": "2021-02-28T16:33:01.871Z", "user": 1, "content_type": 8, "object_id": "1", "object_repr": "Pizza", "action_flag": 1, "change_message": "[{\"added\": {}}]"}}, {"model": "admin.logentry", "pk": 2, "fields": {"action_time": "2021-02-28T16:35:11.740Z", "user": 1, "content_type": 9, "object_id": "1", "object_repr": "Margarita", "action_flag": 1, "change_message": "[{\"added\": {}}]"}}, {"model": "admin.logentry", "pk": 3, "fields": {"action_time": "2021-03-03T21:18:24.000Z", "user": 1, "content_type": 9, "object_id": "1", "object_repr": "Маргарита", "action_flag": 2, "change_message": "[{\"changed\": {\"fields\": [\"Description [uk]\"]}}]"}}, {"model": "admin.logentry", "pk": 4, "fields": {"action_time": "2021-03-04T10:45:33.568Z", "user": 1, "content_type": 13, "object_id": "1", "object_repr": "Size object (1)", "action_flag": 1, "change_message": "[{\"added\": {}}]"}}, {"model": "admin.logentry", "pk": 5, "fields": {"action_time": "2021-03-04T10:45:45.213Z", "user": 1, "content_type": 13, "object_id": "2", "object_repr": "Size object (2)", "action_flag": 1, "change_message": "[{\"added\": {}}]"}}, {"model": "admin.logentry", "pk": 6, "fields": {"action_time": "2021-03-04T10:50:02.375Z", "user": 1, "content_type": 12, "object_id": "1", "object_repr": "\"Margarita\" - 14 cm: 105.0 ₴", "action_flag": 1, "change_message": "[{\"added\": {}}]"}}, {"model": "admin.logentry", "pk": 7, "fields": {"action_time": "2021-03-04T11:04:03.685Z", "user": 1, "content_type": 12, "object_id": "1", "object_repr": "\"Маргарита\" - 14 см: 105.0 ₴", "action_flag": 2, "change_message": "[]"}}, {"model": "admin.logentry", "pk": 8, "fields": {"action_time": "2021-03-04T11:29:06.543Z", "user": 1, "content_type": 6, "object_id": "1", "object_repr": "pizza settings", "action_flag": 2, "change_message": "[{\"changed\": {\"fields\": [\"Contact about text English\", \"Contact about text Russian\", \"Contact about text Ukrainian\", \"Currency symbol\"]}}]"}}, {"model": "admin.logentry", "pk": 9, "fields": {"action_time": "2021-03-04T12:49:39.910Z", "user": 1, "content_type": 15, "object_id": "1", "object_repr": "admin /  / None -  ₴", "action_flag": 1, "change_message": "[{\"added\": {}}]"}}, {"model": "admin.logentry", "pk": 10, "fields": {"action_time": "2021-03-04T12:52:14.574Z", "user": 1, "content_type": 16, "object_id": "1", "object_repr": "admin /  / None -  ₴ Margarita - 230.0 ₴", "action_flag": 1, "change_message": "[{\"added\": {}}]"}}, {"model": "admin.logentry", "pk": 11, "fields": {"action_time": "2021-03-04T12:58:05.959Z", "user": 1, "content_type": 15, "object_id": "1", "object_repr": "admin /  / None -  ₴", "action_flag": 2, "change_message": "[]"}}, {"model": "admin.logentry", "pk": 12, "fields": {"action_time": "2021-03-11T11:45:15.363Z", "user": 1, "content_type": 6, "object_id": "1", "object_repr": "pikes peak pizza settings", "action_flag": 2, "change_message": "[{\"changed\": {\"fields\": [\"Site name\", \"Contact about text English\", \"Contact about text Russian\", \"Contact about text Ukrainian\"]}}]"}}, {"model": "admin.logentry", "pk": 13, "fields": {"action_time": "2021-03-11T11:45:35.569Z", "user": 1, "content_type": 6, "object_id": "1", "object_repr": "Pikes Peak Pizza settings", "action_flag": 2, "change_message": "[{\"changed\": {\"fields\": [\"Site name\", \"Contact about text English\", \"Contact about text Russian\", \"Contact about text Ukrainian\"]}}]"}}, {"model": "admin.logentry", "pk": 14, "fields": {"action_time": "2021-03-11T12:18:14.855Z", "user": 1, "content_type": 6, "object_id": "1", "object_repr": "Pikes Peak Pizza settings", "action_flag": 2, "change_message": "[{\"changed\": {\"fields\": [\"Map coordinates\", \"Contact about text English\", \"Contact about text Russian\", \"Contact about text Ukrainian\"]}}]"}}, {"model": "admin.logentry", "pk": 15, "fields": {"action_time": "2021-03-11T12:18:57.474Z", "user": 1, "content_type": 6, "object_id": "1", "object_repr": "Pikes Peak Pizza settings", "action_flag": 2, "change_message": "[{\"changed\": {\"fields\": [\"Support email\", \"Contact email\", \"Contact phone number\", \"Contact about text English\", \"Contact about text Russian\", \"Contact about text Ukrainian\"]}}]"}}, {"model": "admin.logentry", "pk": 16, "fields": {"action_time": "2021-03-11T12:19:48.762Z", "user": 1, "content_type": 6, "object_id": "1", "object_repr": "Pikes Peak Pizza settings", "action_flag": 2, "change_message": "[{\"changed\": {\"fields\": [\"Second contact phone number\", \"Contact about text English\", \"Contact about text Russian\", \"Contact about text Ukrainian\"]}}]"}}, {"model": "admin.logentry", "pk": 17, "fields": {"action_time": "2021-03-11T12:39:32.095Z", "user": 1, "content_type": 6, "object_id": "1", "object_repr": "Pikes Peak Pizza settings", "action_flag": 2, "change_message": "[{\"changed\": {\"fields\": [\"Map link\", \"Contact about text English\", \"Contact about text Russian\", \"Contact about text Ukrainian\"]}}]"}}, {"model": "admin.logentry", "pk": 18, "fields": {"action_time": "2021-03-11T12:46:17.781Z", "user": 1, "content_type": 6, "object_id": "1", "object_repr": "Pikes Peak Pizza settings", "action_flag": 2, "change_message": "[{\"changed\": {\"fields\": [\"Address russian\", \"Address ukrainan\", \"Address english\", \"Contact about text English\", \"Contact about text Russian\", \"Contact about text Ukrainian\"]}}]"}}, {"model": "admin.logentry", "pk": 19, "fields": {"action_time": "2021-03-11T19:47:23.750Z", "user": 1, "content_type": 6, "object_id": "1", "object_repr": "Pikes Peak Pizza settings", "action_flag": 2, "change_message": "[{\"changed\": {\"fields\": [\"Contact about text [uk]\", \"Contact about text [ru]\", \"Contact about text [en]\"]}}]"}}, {"model": "admin.logentry", "pk": 20, "fields": {"action_time": "2021-03-12T20:27:24.564Z", "user": 1, "content_type": 6, "object_id": "1", "object_repr": "Pikes Peak Pizza settings", "action_flag": 2, "change_message": "[{\"changed\": {\"fields\": [\"Map coordinates\", \"Contact about text [uk]\", \"Contact about text [ru]\", \"Contact about text [en]\"]}}]"}}, {"model": "admin.logentry", "pk": 21, "fields": {"action_time": "2021-03-12T20:28:55.258Z", "user": 1, "content_type": 6, "object_id": "1", "object_repr": "Pikes Peak Pizza settings", "action_flag": 2, "change_message": "[{\"changed\": {\"fields\": [\"Map coordinates\", \"Contact about text [uk]\", \"Contact about text [ru]\", \"Contact about text [en]\"]}}]"}}, {"model": "admin.logentry", "pk": 22, "fields": {"action_time": "2021-03-13T09:52:04.210Z", "user": 1, "content_type": 17, "object_id": "1", "object_repr": "Бела Піца Сет № 1 Маргарита", "action_flag": 1, "change_message": "[{\"added\": {}}]"}}, {"model": "admin.logentry", "pk": 23, "fields": {"action_time": "2021-03-13T09:53:46.069Z", "user": 1, "content_type": 17, "object_id": "1", "object_repr": "Бела Піца Сет № 1 Маргарита", "action_flag": 2, "change_message": "[{\"changed\": {\"fields\": [\"Image\"]}}]"}}, {"model": "admin.logentry", "pk": 24, "fields": {"action_time": "2021-03-13T10:04:18.255Z", "user": 1, "content_type": 17, "object_id": "2", "object_repr": "Бела Піца Сет № 2 Маргарита", "action_flag": 1, "change_message": "[{\"added\": {}}]"}}, {"model": "admin.logentry", "pk": 25, "fields": {"action_time": "2021-03-13T10:05:44.775Z", "user": 1, "content_type": 17, "object_id": "1", "object_repr": "Белла Пицца Сет № 1 Маргарита", "action_flag": 2, "change_message": "[]"}}, {"model": "admin.logentry", "pk": 26, "fields": {"action_time": "2021-03-13T10:21:28.690Z", "user": 1, "content_type": 17, "object_id": "2", "object_repr": "Бела Піца Сет №2 Маргарита", "action_flag": 2, "change_message": "[{\"changed\": {\"fields\": [\"Title [uk]\", \"Title [ru]\", \"Title [en]\"]}}]"}}, {"model": "admin.logentry", "pk": 27, "fields": {"action_time": "2021-03-13T10:21:43.349Z", "user": 1, "content_type": 17, "object_id": "1", "object_repr": "Бела Піца Сет №1 Маргарита", "action_flag": 2, "change_message": "[{\"changed\": {\"fields\": [\"Title [uk]\", \"Title [ru]\", \"Title [en]\"]}}]"}}, {"model": "admin.logentry", "pk": 28, "fields": {"action_time": "2021-03-13T10:50:19.271Z", "user": 1, "content_type": 17, "object_id": "2", "object_repr": "Bella Pizza Set №2 Margarita", "action_flag": 2, "change_message": "[{\"changed\": {\"fields\": [\"Description [uk]\", \"Description [ru]\", \"Description [en]\"]}}]"}}, {"model": "admin.logentry", "pk": 29, "fields": {"action_time": "2021-03-13T10:50:35.959Z", "user": 1, "content_type": 17, "object_id": "1", "object_repr": "Bella Pizza Set №1 Margarita", "action_flag": 2, "change_message": "[{\"changed\": {\"fields\": [\"Description [uk]\", \"Description [ru]\", \"Description [en]\"]}}]"}}, {"model": "admin.logentry", "pk": 30, "fields": {"action_time": "2021-03-13T10:52:09.684Z", "user": 1, "content_type": 17, "object_id": "1", "object_repr": "Бела Піца Сет №1 Маргарита", "action_flag": 2, "change_message": "[{\"changed\": {\"fields\": [\"Description [uk]\"]}}]"}}, {"model": "admin.logentry", "pk": 31, "fields": {"action_time": "2021-03-13T10:57:29.159Z", "user": 1, "content_type": 17, "object_id": "1", "object_repr": "Бела Піца Сет №1 Маргарита", "action_flag": 2, "change_message": "[{\"changed\": {\"fields\": [\"Description [uk]\", \"Description [ru]\", \"Description [en]\"]}}]"}}, {"model": "admin.logentry", "pk": 32, "fields": {"action_time": "2021-03-13T15:36:05.355Z", "user": 1, "content_type": 6, "object_id": "1", "object_repr": "Pikes Peak Pizza settings", "action_flag": 2, "change_message": "[{\"changed\": {\"fields\": [\"Contact about text [uk]\", \"Contact about text [ru]\", \"Contact about text [en]\", \"Welcome title [uk]\", \"Welcome title [ru]\", \"Welcome title [en]\", \"Welcome text [uk]\", \"Welcome text [ru]\", \"Welcome text [en]\", \"Working time text [uk]\", \"Working time text [ru]\", \"Working time text [en]\", \"Saturday work start\", \"Saturday work finish\", \"Sunday work start\", \"Sunday work finish\", \"Weekday work start\", \"Weekday work finish\"]}}]"}}, {"model": "admin.logentry", "pk": 33, "fields": {"action_time": "2021-03-13T16:19:15.313Z", "user": 1, "content_type": 6, "object_id": "1", "object_repr": "Pikes Peak Pizza settings", "action_flag": 2, "change_message": "[{\"changed\": {\"fields\": [\"Contact about text [uk]\", \"Contact about text [ru]\", \"Contact about text [en]\", \"Currency symbol [uk]\", \"Currency symbol [ru]\", \"Currency symbol [en]\", \"Welcome text [uk]\", \"Welcome text [ru]\", \"Welcome text [en]\"]}}]"}}, {"model": "admin.logentry", "pk": 34, "fields": {"action_time": "2021-03-14T09:56:17.029Z", "user": 1, "content_type": 6, "object_id": "1", "object_repr": "Pikes Peak Pizza settings", "action_flag": 2, "change_message": "[{\"changed\": {\"fields\": [\"Contact about text [uk]\", \"Contact about text [ru]\", \"Contact about text [en]\", \"Welcome text [uk]\", \"Welcome text [ru]\", \"Welcome text [en]\"]}}]"}}, {"model": "admin.logentry", "pk": 35, "fields": {"action_time": "2021-03-14T12:27:50.021Z", "user": 1, "content_type": 8, "object_id": "2", "object_repr": "non-alcoholic drinks", "action_flag": 1, "change_message": "[{\"added\": {}}]"}}, {"model": "admin.logentry", "pk": 36, "fields": {"action_time": "2021-03-14T12:57:23.811Z", "user": 1, "content_type": 8, "object_id": "2", "object_repr": "Безалкогольні напої", "action_flag": 2, "change_message": "[{\"changed\": {\"fields\": [\"Size name [uk]\", \"Size name [ru]\", \"Size name [en]\", \"Size unit [uk]\", \"Size unit [ru]\", \"Size unit [en]\"]}}]"}}, {"model": "admin.logentry", "pk": 37, "fields": {"action_time": "2021-03-14T13:00:17.132Z", "user": 1, "content_type": 8, "object_id": "3", "object_repr": "Пиво та сидр", "action_flag": 1, "change_message": "[{\"added\": {}}]"}}, {"model": "admin.logentry", "pk": 38, "fields": {"action_time": "2021-03-14T13:08:35.665Z", "user": 1, "content_type": 8, "object_id": "4", "object_repr": "Бургери", "action_flag": 1, "change_message": "[{\"added\": {}}]"}}, {"model": "admin.logentry", "pk": 39, "fields": {"action_time": "2021-03-14T13:12:29.384Z", "user": 1, "content_type": 8, "object_id": "5", "object_repr": "Десерти", "action_flag": 1, "change_message": "[{\"added\": {}}]"}}, {"model": "admin.logentry", "pk": 40, "fields": {"action_time": "2021-03-14T13:15:14.847Z", "user": 1, "content_type": 8, "object_id": "6", "object_repr": "Сети", "action_flag": 1, "change_message": "[{\"added\": {}}]"}}, {"model": "admin.logentry", "pk": 41, "fields": {"action_time": "2021-03-14T13:44:41.550Z", "user": 1, "content_type": 9, "object_id": "2", "object_repr": "Піца Прошутто", "action_flag": 1, "change_message": "[{\"added\": {}}]"}}, {"model": "admin.logentry", "pk": 42, "fields": {"action_time": "2021-03-14T13:48:47.536Z", "user": 1, "content_type": 13, "object_id": "2", "object_repr": "30 см (Піца)", "action_flag": 2, "change_message": "[{\"changed\": {\"fields\": [\"Value\"]}}]"}}, {"model": "admin.logentry", "pk": 43, "fields": {"action_time": "2021-03-14T13:48:54.857Z", "user": 1, "content_type": 13, "object_id": "1", "object_repr": "40 см (Піца)", "action_flag": 2, "change_message": "[{\"changed\": {\"fields\": [\"Value\"]}}]"}}, {"model": "admin.logentry", "pk": 44, "fields": {"action_time": "2021-03-14T14:09:48.646Z", "user": 1, "content_type": 9, "object_id": "1", "object_repr": "Маргарита", "action_flag": 2, "change_message": "[{\"added\": {\"name\": \"Price\", \"object\": \"\\\"\\u041c\\u0430\\u0440\\u0433\\u0430\\u0440\\u0438\\u0442\\u0430\\\" - 30 \\u0441\\u043c: 120.0 \\u0433\\u0440\\u043d.\"}}, {\"changed\": {\"name\": \"Price\", \"object\": \"\\\"\\u041c\\u0430\\u0440\\u0433\\u0430\\u0440\\u0438\\u0442\\u0430\\\" - 40 \\u0441\\u043c: 150.0 \\u0433\\u0440\\u043d.\", \"fields\": [\"Value\"]}}]"}}, {"model": "admin.logentry", "pk": 45, "fields": {"action_time": "2021-03-14T14:10:12.480Z", "user": 1, "content_type": 13, "object_id": "3", "object_repr": "1 л. (Безалкогольні напої)", "action_flag": 1, "change_message": "[{\"added\": {}}]"}}, {"model": "admin.logentry", "pk": 46, "fields": {"action_time": "2021-03-14T14:11:28.356Z", "user": 1, "content_type": 13, "object_id": "4", "object_repr": "0.5 л. (Безалкогольні напої)", "action_flag": 1, "change_message": "[{\"added\": {}}]"}}, {"model": "admin.logentry", "pk": 47, "fields": {"action_time": "2021-03-14T14:12:36.110Z", "user": 1, "content_type": 9, "object_id": "1", "object_repr": "Маргарита", "action_flag": 2, "change_message": "[]"}}, {"model": "admin.logentry", "pk": 48, "fields": {"action_time": "2021-03-14T14:12:48.433Z", "user": 1, "content_type": 9, "object_id": "1", "object_repr": "Маргарита", "action_flag": 2, "change_message": "[]"}}, {"model": "admin.logentry", "pk": 49, "fields": {"action_time": "2021-03-14T14:16:02.872Z", "user": 1, "content_type": 9, "object_id": "2", "object_repr": "Піца Прошутто", "action_flag": 2, "change_message": "[{\"added\": {\"name\": \"Price\", \"object\": \"\\\"\\u041f\\u0456\\u0446\\u0430 \\u041f\\u0440\\u043e\\u0448\\u0443\\u0442\\u0442\\u043e\\\" - 40.0 \\u0441\\u043c: 157.0 \\u0433\\u0440\\u043d.\"}}]"}}, {"model": "admin.logentry", "pk": 50, "fields": {"action_time": "2021-03-18T18:56:40.268Z", "user": 1, "content_type": 9, "object_id": "3", "object_repr": "Пица Качча", "action_flag": 1, "change_message": "[{\"added\": {}}, {\"added\": {\"name\": \"Price\", \"object\": \"\\\"\\u041f\\u0438\\u0446\\u0430 \\u041a\\u0430\\u0447\\u0447\\u0430\\\" - 30.0 \\u0441\\u043c: 149.0 \\u0433\\u0440\\u043d.\"}}]"}}, {"model": "admin.logentry", "pk": 51, "fields": {"action_time": "2021-03-18T18:56:55.998Z", "user": 1, "content_type": 9, "object_id": "3", "object_repr": "Пица Качча", "action_flag": 2, "change_message": "[{\"added\": {\"name\": \"Price\", \"object\": \"\\\"\\u041f\\u0438\\u0446\\u0430 \\u041a\\u0430\\u0447\\u0447\\u0430\\\" - 40.0 \\u0441\\u043c: 170.0 \\u0433\\u0440\\u043d.\"}}]"}}, {"model": "admin.logentry", "pk": 52, "fields": {"action_time": "2021-03-18T18:57:24.680Z", "user": 1, "content_type": 9, "object_id": "3", "object_repr": "Піца Качча", "action_flag": 2, "change_message": "[{\"changed\": {\"fields\": [\"Title [uk]\"]}}]"}}, {"model": "admin.logentry", "pk": 53, "fields": {"action_time": "2021-03-18T18:58:00.684Z", "user": 1, "content_type": 9, "object_id": "1", "object_repr": "Піца Маргарита", "action_flag": 2, "change_message": "[{\"changed\": {\"fields\": [\"Title [uk]\", \"Title [ru]\", \"Title [en]\"]}}]"}}, {"model": "admin.logentry", "pk": 54, "fields": {"action_time": "2021-03-18T19:01:14.737Z", "user": 1, "content_type": 9, "object_id": "4", "object_repr": "Піцца Вітаміна", "action_flag": 1, "change_message": "[{\"added\": {}}]"}}, {"model": "admin.logentry", "pk": 55, "fields": {"action_time": "2021-03-18T19:02:06.814Z", "user": 1, "content_type": 9, "object_id": "4", "object_repr": "Піцца Вітаміна", "action_flag": 2, "change_message": "[{\"added\": {\"name\": \"Price\", \"object\": \"\\\"\\u041f\\u0456\\u0446\\u0446\\u0430 \\u0412\\u0456\\u0442\\u0430\\u043c\\u0456\\u043d\\u0430\\\" - 30.0 \\u0441\\u043c: 90.0 \\u0433\\u0440\\u043d.\"}}, {\"added\": {\"name\": \"Price\", \"object\": \"\\\"\\u041f\\u0456\\u0446\\u0446\\u0430 \\u0412\\u0456\\u0442\\u0430\\u043c\\u0456\\u043d\\u0430\\\" - 40.0 \\u0441\\u043c: 109.0 \\u0433\\u0440\\u043d.\"}}]"}}, {"model": "admin.logentry", "pk": 56, "fields": {"action_time": "2021-03-18T19:05:25.360Z", "user": 1, "content_type": 9, "object_id": "5", "object_repr": "Піца Карбонара", "action_flag": 1, "change_message": "[{\"added\": {}}, {\"added\": {\"name\": \"Price\", \"object\": \"\\\"\\u041f\\u0456\\u0446\\u0430 \\u041a\\u0430\\u0440\\u0431\\u043e\\u043d\\u0430\\u0440\\u0430\\\" - 30.0 \\u0441\\u043c: 169.0 \\u0433\\u0440\\u043d.\"}}, {\"added\": {\"name\": \"Price\", \"object\": \"\\\"\\u041f\\u0456\\u0446\\u0430 \\u041a\\u0430\\u0440\\u0431\\u043e\\u043d\\u0430\\u0440\\u0430\\\" - 40.0 \\u0441\\u043c: 180.0 \\u0433\\u0440\\u043d.\"}}]"}}, {"model": "admin.logentry", "pk": 57, "fields": {"action_time": "2021-03-18T19:08:52.685Z", "user": 1, "content_type": 9, "object_id": "6", "object_repr": "Піца Сальмоне", "action_flag": 1, "change_message": "[{\"added\": {}}]"}}, {"model": "admin.logentry", "pk": 58, "fields": {"action_time": "2021-03-18T19:09:20.624Z", "user": 1, "content_type": 9, "object_id": "6", "object_repr": "Піца Сальмоне", "action_flag": 2, "change_message": "[{\"added\": {\"name\": \"Price\", \"object\": \"\\\"\\u041f\\u0456\\u0446\\u0430 \\u0421\\u0430\\u043b\\u044c\\u043c\\u043e\\u043d\\u0435\\\" - 30.0 \\u0441\\u043c: 140.0 \\u0433\\u0440\\u043d.\"}}, {\"added\": {\"name\": \"Price\", \"object\": \"\\\"\\u041f\\u0456\\u0446\\u0430 \\u0421\\u0430\\u043b\\u044c\\u043c\\u043e\\u043d\\u0435\\\" - 40.0 \\u0441\\u043c: 173.0 \\u0433\\u0440\\u043d.\"}}]"}}, {"model": "admin.logentry", "pk": 59, "fields": {"action_time": "2021-03-18T19:18:20.212Z", "user": 1, "content_type": 9, "object_id": "6", "object_repr": "Піца Сальмоне", "action_flag": 2, "change_message": "[]"}}, {"model": "admin.logentry", "pk": 60, "fields": {"action_time": "2021-03-18T19:21:35.078Z", "user": 1, "content_type": 9, "object_id": "7", "object_repr": "Піца Кватро Формаджіо", "action_flag": 1, "change_message": "[{\"added\": {}}, {\"added\": {\"name\": \"Price\", \"object\": \"\\\"\\u041f\\u0456\\u0446\\u0430 \\u041a\\u0432\\u0430\\u0442\\u0440\\u043e \\u0424\\u043e\\u0440\\u043c\\u0430\\u0434\\u0436\\u0456\\u043e\\\" - 30.0 \\u0441\\u043c: 150.0 \\u0433\\u0440\\u043d.\"}}, {\"added\": {\"name\": \"Price\", \"object\": \"\\\"\\u041f\\u0456\\u0446\\u0430 \\u041a\\u0432\\u0430\\u0442\\u0440\\u043e \\u0424\\u043e\\u0440\\u043c\\u0430\\u0434\\u0436\\u0456\\u043e\\\" - 40.0 \\u0441\\u043c: 169.0 \\u0433\\u0440\\u043d.\"}}]"}}, {"model": "admin.logentry", "pk": 61, "fields": {"action_time": "2021-03-18T19:21:53.790Z", "user": 1, "content_type": 9, "object_id": "7", "object_repr": "Піца Кватро Формаджіо", "action_flag": 2, "change_message": "[{\"changed\": {\"fields\": [\"Is on front\"]}}]"}}, {"model": "admin.logentry", "pk": 62, "fields": {"action_time": "2021-03-18T19:21:53.798Z", "user": 1, "content_type": 9, "object_id": "6", "object_repr": "Піца Сальмоне", "action_flag": 2, "change_message": "[{\"changed\": {\"fields\": [\"Is on front\"]}}]"}}, {"model": "admin.logentry", "pk": 63, "fields": {"action_time": "2021-03-18T19:21:53.807Z", "user": 1, "content_type": 9, "object_id": "5", "object_repr": "Піца Карбонара", "action_flag": 2, "change_message": "[{\"changed\": {\"fields\": [\"Is on front\"]}}]"}}, {"model": "admin.logentry", "pk": 64, "fields": {"action_time": "2021-03-18T19:21:53.814Z", "user": 1, "content_type": 9, "object_id": "4", "object_repr": "Піцца Вітаміна", "action_flag": 2, "change_message": "[{\"changed\": {\"fields\": [\"Is on front\"]}}]"}}, {"model": "admin.logentry", "pk": 65, "fields": {"action_time": "2021-03-18T19:21:53.821Z", "user": 1, "content_type": 9, "object_id": "3", "object_repr": "Піца Качча", "action_flag": 2, "change_message": "[{\"changed\": {\"fields\": [\"Is on front\"]}}]"}}, {"model": "admin.logentry", "pk": 66, "fields": {"action_time": "2021-03-18T19:21:53.829Z", "user": 1, "content_type": 9, "object_id": "1", "object_repr": "Піца Маргарита", "action_flag": 2, "change_message": "[{\"changed\": {\"fields\": [\"Is on front\"]}}]"}}, {"model": "admin.logentry", "pk": 67, "fields": {"action_time": "2021-03-18T19:50:42.329Z", "user": 1, "content_type": 8, "object_id": "6", "object_repr": "Сети", "action_flag": 2, "change_message": "[{\"changed\": {\"fields\": [\"Is on front\"]}}]"}}, {"model": "admin.logentry", "pk": 68, "fields": {"action_time": "2021-03-18T19:50:42.343Z", "user": 1, "content_type": 8, "object_id": "5", "object_repr": "Десерти", "action_flag": 2, "change_message": "[{\"changed\": {\"fields\": [\"Is on front\"]}}]"}}, {"model": "admin.logentry", "pk": 69, "fields": {"action_time": "2021-03-18T19:50:42.356Z", "user": 1, "content_type": 8, "object_id": "4", "object_repr": "Бургери", "action_flag": 2, "change_message": "[{\"changed\": {\"fields\": [\"Is on front\"]}}]"}}, {"model": "admin.logentry", "pk": 70, "fields": {"action_time": "2021-03-18T19:50:42.370Z", "user": 1, "content_type": 8, "object_id": "3", "object_repr": "Пиво та сидр", "action_flag": 2, "change_message": "[{\"changed\": {\"fields\": [\"Is on front\"]}}]"}}, {"model": "admin.logentry", "pk": 71, "fields": {"action_time": "2021-03-18T19:50:42.385Z", "user": 1, "content_type": 8, "object_id": "2", "object_repr": "Безалкогольні напої", "action_flag": 2, "change_message": "[{\"changed\": {\"fields\": [\"Is on front\"]}}]"}}, {"model": "admin.logentry", "pk": 72, "fields": {"action_time": "2021-03-18T19:50:42.399Z", "user": 1, "content_type": 8, "object_id": "1", "object_repr": "Піца", "action_flag": 2, "change_message": "[{\"changed\": {\"fields\": [\"Is on front\"]}}]"}}, {"model": "admin.logentry", "pk": 73, "fields": {"action_time": "2021-03-18T21:12:16.109Z", "user": 1, "content_type": 13, "object_id": "5", "object_repr": "1.0 None (Сети)", "action_flag": 1, "change_message": "[{\"added\": {}}]"}}, {"model": "admin.logentry", "pk": 74, "fields": {"action_time": "2021-03-18T21:12:39.431Z", "user": 1, "content_type": 9, "object_id": "8", "object_repr": "Burger Combo", "action_flag": 1, "change_message": "[{\"added\": {}}, {\"added\": {\"name\": \"Price\", \"object\": \"\\\"Burger Combo\\\" - 1.0 None: 500.0 \\u0433\\u0440\\u043d.\"}}]"}}, {"model": "admin.logentry", "pk": 75, "fields": {"action_time": "2021-03-18T21:16:05.940Z", "user": 1, "content_type": 9, "object_id": "9", "object_repr": "Duo Pizza № 1", "action_flag": 1, "change_message": "[{\"added\": {}}, {\"added\": {\"name\": \"Price\", \"object\": \"\\\"Duo Pizza \\u2116 1\\\" - 1.0 None: 249.0 \\u0433\\u0440\\u043d.\"}}]"}}, {"model": "admin.logentry", "pk": 76, "fields": {"action_time": "2021-03-18T21:16:49.667Z", "user": 1, "content_type": 17, "object_id": "1", "object_repr": "Піца Сет №1 Duo Pizza № 1", "action_flag": 2, "change_message": "[{\"changed\": {\"fields\": [\"Food\", \"Title [uk]\", \"Title [ru]\", \"Title [en]\"]}}]"}}, {"model": "admin.logentry", "pk": 77, "fields": {"action_time": "2021-03-18T21:18:25.155Z", "user": 1, "content_type": 17, "object_id": "1", "object_repr": "Піца Сет №1 Duo Pizza № 1", "action_flag": 2, "change_message": "[{\"changed\": {\"fields\": [\"Title [ru]\"]}}]"}}, {"model": "admin.logentry", "pk": 78, "fields": {"action_time": "2021-03-18T21:18:42.158Z", "user": 1, "content_type": 9, "object_id": "9", "object_repr": "Піца Сет №1", "action_flag": 2, "change_message": "[{\"changed\": {\"fields\": [\"Title [uk]\", \"Title [ru]\", \"Title [en]\"]}}]"}}, {"model": "admin.logentry", "pk": 79, "fields": {"action_time": "2021-03-18T21:21:16.127Z", "user": 1, "content_type": 9, "object_id": "10", "object_repr": "Піца Сет №2", "action_flag": 1, "change_message": "[{\"added\": {}}]"}}, {"model": "admin.logentry", "pk": 80, "fields": {"action_time": "2021-03-18T21:21:35.920Z", "user": 1, "content_type": 9, "object_id": "10", "object_repr": "Піца Сет №2", "action_flag": 2, "change_message": "[{\"added\": {\"name\": \"Price\", \"object\": \"\\\"\\u041f\\u0456\\u0446\\u0430 \\u0421\\u0435\\u0442 \\u21162\\\" - 1.0 None: 265.0 \\u0433\\u0440\\u043d.\"}}]"}}, {"model": "admin.logentry", "pk": 81, "fields": {"action_time": "2021-03-18T21:22:21.926Z", "user": 1, "content_type": 17, "object_id": "2", "object_repr": "Піца Сет №2 Піца Сет №2", "action_flag": 2, "change_message": "[{\"changed\": {\"fields\": [\"Food\", \"Title [uk]\", \"Title [en]\"]}}]"}}, {"model": "admin.logentry", "pk": 82, "fields": {"action_time": "2021-03-19T08:58:24.961Z", "user": 1, "content_type": 13, "object_id": "6", "object_repr": "1.0 None (Бургери)", "action_flag": 1, "change_message": "[{\"added\": {}}]"}}, {"model": "admin.logentry", "pk": 83, "fields": {"action_time": "2021-03-19T08:58:45.007Z", "user": 1, "content_type": 9, "object_id": "11", "object_repr": "Бургер класичний", "action_flag": 1, "change_message": "[{\"added\": {}}, {\"added\": {\"name\": \"Price\", \"object\": \"\\\"\\u0411\\u0443\\u0440\\u0433\\u0435\\u0440 \\u043a\\u043b\\u0430\\u0441\\u0438\\u0447\\u043d\\u0438\\u0439\\\" - 1.0 None: 150.0 \\u0433\\u0440\\u043d.\"}}]"}}, {"model": "admin.logentry", "pk": 84, "fields": {"action_time": "2021-03-19T09:02:02.134Z", "user": 1, "content_type": 8, "object_id": "6", "object_repr": "Сети", "action_flag": 2, "change_message": "[{\"changed\": {\"fields\": [\"Size unit [uk]\", \"Size unit [ru]\", \"Size unit [en]\"]}}]"}}, {"model": "admin.logentry", "pk": 85, "fields": {"action_time": "2021-03-19T09:02:15.891Z", "user": 1, "content_type": 8, "object_id": "4", "object_repr": "Бургери", "action_flag": 2, "change_message": "[{\"changed\": {\"fields\": [\"Size unit [uk]\", \"Size unit [ru]\", \"Size unit [en]\"]}}]"}}, {"model": "admin.logentry", "pk": 86, "fields": {"action_time": "2021-03-19T09:05:32.681Z", "user": 1, "content_type": 9, "object_id": "12", "object_repr": "Бургер Чиз бекон", "action_flag": 1, "change_message": "[{\"added\": {}}, {\"added\": {\"name\": \"Price\", \"object\": \"\\\"\\u0411\\u0443\\u0440\\u0433\\u0435\\u0440 \\u0427\\u0438\\u0437 \\u0431\\u0435\\u043a\\u043e\\u043d\\\" - 1.0 \\u0448\\u0442.: 180.0 \\u0433\\u0440\\u043d.\"}}]"}}, {"model": "admin.logentry", "pk": 87, "fields": {"action_time": "2021-03-19T09:12:44.572Z", "user": 1, "content_type": 13, "object_id": "7", "object_repr": "1.0 None (Десерти)", "action_flag": 1, "change_message": "[{\"added\": {}}]"}}, {"model": "admin.logentry", "pk": 88, "fields": {"action_time": "2021-03-19T09:13:16.466Z", "user": 1, "content_type": 8, "object_id": "5", "object_repr": "Десерти", "action_flag": 2, "change_message": "[{\"changed\": {\"fields\": [\"Size unit [uk]\", \"Size unit [ru]\", \"Size unit [en]\"]}}]"}}, {"model": "admin.logentry", "pk": 89, "fields": {"action_time": "2021-03-19T09:14:18.492Z", "user": 1, "content_type": 9, "object_id": "13", "object_repr": "класичний Наполеон", "action_flag": 1, "change_message": "[{\"added\": {}}, {\"added\": {\"name\": \"Price\", \"object\": \"\\\"\\u043a\\u043b\\u0430\\u0441\\u0438\\u0447\\u043d\\u0438\\u0439 \\u041d\\u0430\\u043f\\u043e\\u043b\\u0435\\u043e\\u043d\\\" - 1.0 \\u0448\\u0442.: 80.0 \\u0433\\u0440\\u043d.\"}}]"}}, {"model": "admin.logentry", "pk": 90, "fields": {"action_time": "2021-03-19T09:18:55.214Z", "user": 1, "content_type": 9, "object_id": "14", "object_repr": "Чізкейк New York", "action_flag": 1, "change_message": "[{\"added\": {}}, {\"added\": {\"name\": \"Price\", \"object\": \"\\\"\\u0427\\u0456\\u0437\\u043a\\u0435\\u0439\\u043a New York\\\" - 1.0 \\u0448\\u0442.: 70.0 \\u0433\\u0440\\u043d.\"}}]"}}, {"model": "admin.logentry", "pk": 91, "fields": {"action_time": "2021-03-19T09:21:44.546Z", "user": 1, "content_type": 13, "object_id": "8", "object_repr": "0.5 л. (Пиво та сидр)", "action_flag": 1, "change_message": "[{\"added\": {}}]"}}, {"model": "admin.logentry", "pk": 92, "fields": {"action_time": "2021-03-19T09:22:00.102Z", "user": 1, "content_type": 9, "object_id": "15", "object_repr": "Сидр Somersby чорниця", "action_flag": 1, "change_message": "[{\"added\": {}}, {\"added\": {\"name\": \"Price\", \"object\": \"\\\"\\u0421\\u0438\\u0434\\u0440 Somersby \\u0447\\u043e\\u0440\\u043d\\u0438\\u0446\\u044f\\\" - 0.5 \\u043b.: 35.0 \\u0433\\u0440\\u043d.\"}}]"}}, {"model": "admin.logentry", "pk": 93, "fields": {"action_time": "2021-03-19T09:23:30.619Z", "user": 1, "content_type": 9, "object_id": "15", "object_repr": "Сидр Somersby чорниця", "action_flag": 2, "change_message": "[{\"changed\": {\"fields\": [\"Image\"]}}]"}}, {"model": "admin.logentry", "pk": 94, "fields": {"action_time": "2021-03-19T09:25:19.504Z", "user": 1, "content_type": 9, "object_id": "16", "object_repr": "Пиво Dunkel темне", "action_flag": 1, "change_message": "[{\"added\": {}}, {\"added\": {\"name\": \"Price\", \"object\": \"\\\"\\u041f\\u0438\\u0432\\u043e Dunkel \\u0442\\u0435\\u043c\\u043d\\u0435\\\" - 0.5 \\u043b.: 37.0 \\u0433\\u0440\\u043d.\"}}]"}}, {"model": "admin.logentry", "pk": 95, "fields": {"action_time": "2021-03-19T09:27:10.883Z", "user": 1, "content_type": 9, "object_id": "17", "object_repr": "Kronenbourg Blanc нефільтроване", "action_flag": 1, "change_message": "[{\"added\": {}}, {\"added\": {\"name\": \"Price\", \"object\": \"\\\"Kronenbourg Blanc \\u043d\\u0435\\u0444\\u0456\\u043b\\u044c\\u0442\\u0440\\u043e\\u0432\\u0430\\u043d\\u0435\\\" - 0.5 \\u043b.: 45.0 \\u0433\\u0440\\u043d.\"}}]"}}, {"model": "admin.logentry", "pk": 96, "fields": {"action_time": "2021-03-19T09:30:29.745Z", "user": 1, "content_type": 13, "object_id": "9", "object_repr": "0.5 л. (Безалкогольні напої)", "action_flag": 1, "change_message": "[{\"added\": {}}]"}}, {"model": "admin.logentry", "pk": 97, "fields": {"action_time": "2021-03-19T09:31:22.647Z", "user": 1, "content_type": 9, "object_id": "18", "object_repr": "Pepsi", "action_flag": 1, "change_message": "[{\"added\": {}}, {\"added\": {\"name\": \"Price\", \"object\": \"\\\"Pepsi\\\" - 0.5 \\u043b.: 16.0 \\u0433\\u0440\\u043d.\"}}, {\"added\": {\"name\": \"Price\", \"object\": \"\\\"Pepsi\\\" - 1.0 \\u043b.: 32.0 \\u0433\\u0440\\u043d.\"}}]"}}, {"model": "admin.logentry", "pk": 98, "fields": {"action_time": "2021-03-19T09:31:41.572Z", "user": 1, "content_type": 13, "object_id": "9", "object_repr": "0.5 л. (Безалкогольні напої)", "action_flag": 3, "change_message": ""}}, {"model": "admin.logentry", "pk": 99, "fields": {"action_time": "2021-03-19T09:32:02.105Z", "user": 1, "content_type": 9, "object_id": "18", "object_repr": "Pepsi", "action_flag": 2, "change_message": "[{\"added\": {\"name\": \"Price\", \"object\": \"\\\"Pepsi\\\" - 0.5 \\u043b.: 16.0 \\u0433\\u0440\\u043d.\"}}]"}}, {"model": "admin.logentry", "pk": 100, "fields": {"action_time": "2021-03-19T09:34:39.513Z", "user": 1, "content_type": 13, "object_id": "10", "object_repr": "0.95 л. (Безалкогольні напої)", "action_flag": 1, "change_message": "[{\"added\": {}}]"}}, {"model": "admin.logentry", "pk": 101, "fields": {"action_time": "2021-03-19T09:35:35.090Z", "user": 1, "content_type": 9, "object_id": "19", "object_repr": "Сік Sandora Апельсин", "action_flag": 1, "change_message": "[{\"added\": {}}, {\"added\": {\"name\": \"Price\", \"object\": \"\\\"\\u0421\\u0456\\u043a Sandora \\u0410\\u043f\\u0435\\u043b\\u044c\\u0441\\u0438\\u043d\\\" - 0.95 \\u043b.: 55.0 \\u0433\\u0440\\u043d.\"}}]"}}, {"model": "admin.logentry", "pk": 102, "fields": {"action_time": "2021-03-19T10:01:48.998Z", "user": 1, "content_type": 6, "object_id": "1", "object_repr": "Pikes Peak Pizza settings", "action_flag": 2, "change_message": "[{\"changed\": {\"fields\": [\"Contact about text [uk]\", \"Contact about text [ru]\", \"Contact about text [en]\", \"Welcome text [uk]\", \"Welcome text [ru]\", \"Welcome text [en]\"]}}]"}}, {"model": "admin.logentry", "pk": 103, "fields": {"action_time": "2021-03-20T09:56:31.816Z", "user": 1, "content_type": 9, "object_id": "18", "object_repr": "Pepsi", "action_flag": 2, "change_message": "[{\"changed\": {\"fields\": [\"Image\"]}}]"}}, {"model": "admin.logentry", "pk": 104, "fields": {"action_time": "2021-03-25T16:14:25.901Z", "user": 1, "content_type": 8, "object_id": "2", "object_repr": "non-alcoholic drinks", "action_flag": 2, "change_message": "[{\"changed\": {\"fields\": [\"Image\"]}}]"}}, {"model": "admin.logentry", "pk": 105, "fields": {"action_time": "2021-03-25T16:25:23.635Z", "user": 1, "content_type": 8, "object_id": "5", "object_repr": "Десерти", "action_flag": 2, "change_message": "[{\"changed\": {\"fields\": [\"Is on front\"]}}]"}}, {"model": "admin.logentry", "pk": 106, "fields": {"action_time": "2021-03-25T16:25:35.280Z", "user": 1, "content_type": 8, "object_id": "5", "object_repr": "Десерти", "action_flag": 2, "change_message": "[{\"changed\": {\"fields\": [\"Is on front\"]}}]"}}, {"model": "admin.logentry", "pk": 107, "fields": {"action_time": "2021-03-27T18:15:05.594Z", "user": 1, "content_type": 6, "object_id": "1", "object_repr": "Pikes Peak Pizza settings", "action_flag": 2, "change_message": "[{\"changed\": {\"fields\": [\"Contact about text [uk]\", \"Contact about text [ru]\", \"Contact about text [en]\", \"Welcome text [uk]\", \"Welcome text [ru]\", \"Welcome text [en]\", \"Menu categories text [uk]\", \"Menu categories text [ru]\", \"Menu categories text [en]\", \"Pizza text [uk]\", \"Pizza text [ru]\", \"Pizza text [en]\", \"Reservation text [uk]\", \"Reservation text [ru]\", \"Reservation text [en]\"]}}]"}}, {"model": "admin.logentry", "pk": 108, "fields": {"action_time": "2021-03-27T18:17:09.576Z", "user": 1, "content_type": 6, "object_id": "1", "object_repr": "Pikes Peak Pizza settings", "action_flag": 2, "change_message": "[{\"changed\": {\"fields\": [\"Contact about text [uk]\", \"Contact about text [ru]\", \"Contact about text [en]\", \"Welcome text [uk]\", \"Welcome text [ru]\", \"Welcome text [en]\", \"Menu categories text [uk]\", \"Menu categories text [ru]\", \"Menu categories text [en]\", \"Pizza text [uk]\", \"Pizza text [ru]\", \"Pizza text [en]\", \"Reservation text [uk]\", \"Reservation text [ru]\", \"Reservation text [en]\"]}}]"}}, {"model": "admin.logentry", "pk": 109, "fields": {"action_time": "2021-03-27T18:19:07.252Z", "user": 1, "content_type": 6, "object_id": "1", "object_repr": "Pikes Peak Pizza settings", "action_flag": 2, "change_message": "[{\"changed\": {\"fields\": [\"Contact about text [uk]\", \"Contact about text [ru]\", \"Contact about text [en]\", \"Welcome text [uk]\", \"Welcome text [ru]\", \"Welcome text [en]\", \"Menu categories text [uk]\", \"Menu categories text [ru]\", \"Menu categories text [en]\", \"Pizza text [uk]\", \"Pizza text [ru]\", \"Pizza text [en]\", \"Reservation text [uk]\", \"Reservation text [ru]\", \"Reservation text [en]\"]}}]"}}, {"model": "sessions.session", "pk": "789m961y1fblmkzi6huo1nyusbmp03kw", "fields": {"session_data": ".eJxVjjkOgzAURO_iOrJivGBSpucMyH8xJiCQMK6i3D1YokjaeTNP8xZDKEcaSuZ9mEg8hBK33wwCzrxWQK-wjpvEbT32CWStyItm2W_Ey_Pq_glSyOlc-6hMREcR4K7Bs0EN1nYeOkZFkZDZd9phE7VxYE1L1kFj0WuvWmOgSpfzQAkjn7oyi88X_8k96g:1lOO3n:lcs8AM323j5Spz7F1HBCS-W57201T8sU8cfzNtFXD_k", "expire_date": "2021-04-05T17:09:47.193Z"}}, {"model": "sessions.session", "pk": "dst77vuq6afzxjvrw63uqc5et422ozvd", "fields": {"session_data": ".eJxVjssOwiAURP-FtSFSHqUu3fsNhPugrTY0KWVl_HdL0oVu58yczFuEWPcp1MJbmEnchBKX3wwivjg3QM-Yx1XimvdtBtkq8qRFPlbi5X52_wRTLNOx9kmZhI4SwFWDZ4MarB08DIyKEiGzH7TDLmnjwJqerIPOotde9cZAky7HgRpHPnRbFZ8v_9s98Q:1lLQ9s:T3B0VxBOlyDWF_KyCrX7xUT0dHYLgLHTcgWUpf3kP6A", "expire_date": "2021-03-28T12:47:48.050Z"}}, {"model": "sessions.session", "pk": "f95lcjq18laapg0l3h03zoe8qo0ftu11", "fields": {"session_data": ".eJxVjMsOgyAUBf-FdUOKPIQuu-83EO4DsTWYiK6a_ns1ceN2zsz5ijilOmxpYPEQXMVNxLStJW6NlzjSDtWVQcIP12Og917OEue6LiPIQ5Hn2uRrJp6ep3s5KKmVvfZZmYyOMsBdg2eDGqwNHgKjokzI7IN22GVtHFjTk3XQWfTaq94YEL8_4Y493Q:1lQbnC:RH-IfXNGI6X2b0C7c6urFqaZojXPfqda7Icg0Y0nR1k", "expire_date": "2021-04-11T20:13:50.809Z"}}, {"model": "sessions.session", "pk": "fixzd7ywy716a5n2dlled2wz2qf8ijmt", "fields": {"session_data": "eyJfbGFuZ3VhZ2UiOiJydSJ9:1lNZy0:uIuJYj_AuWo8jG8LZAv9ZoRTUtynoXhoOmrYVymVQLI", "expire_date": "2021-04-03T11:40:28.422Z"}}, {"model": "sites.site", "pk": 1, "fields": {"domain": "example.com", "name": "example.com"}}, {"model": "pizzeria.sitesettings", "pk": 1, "fields": {"site_name": "Pikes Peak Pizza", "support_email": "cyr.mailbox@gmail.com", "contact_email": "cyr.mailbox@gmail.com", "contact_telegram": null, "contact_telegram_id": null, "contact_viber": null, "phone_number": "+380978882222", "phone_number_two": "+380508883333", "map_coordinates": "36.20, 50.05", "address": "проспект Перемоги, 61а", "address_uk": "проспект Перемоги, 61а", "address_ru": "проспект Победы, 61а", "address_en": "Peremohy Ave, 61а", "map_link": "https://www.google.com.ua/maps/place/Molto+Meat%26Fish/@50.060362,36.2019128,18z/data=!4m5!3m4!1s0x4127a57b9d5439a7:0x3e4adea8db0c8f69!8m2!3d50.0603404!4d36.2018602", "contact_about_text": "{\"delta\": \"{\\\"ops\\\":[{\\\"insert\\\":\\\"\\u042f\\u043a\\u0449\\u043e \\u0443 \\u0432\\u0430\\u0441 \\u0432\\u0438\\u043d\\u0438\\u043a\\u043b\\u0438 \\u043f\\u0438\\u0442\\u0430\\u043d\\u043d\\u044f, \\u043f\\u0440\\u043e\\u043f\\u043e\\u0437\\u0438\\u0446\\u0456\\u0457 \\u0447\\u0438 \\u0437\\u0430\\u0443\\u0432\\u0430\\u0436\\u0435\\u043d\\u043d\\u044f, \\u0432\\u0438 \\u0437\\u0430\\u0432\\u0436\\u0434\\u0438 \\u043c\\u043e\\u0436\\u0435\\u0442\\u0435 \\u0437\\u0432\\u2019\\u044f\\u0437\\u0430\\u0442\\u0438\\u0441\\u044f \\u0437 \\u043d\\u0430\\u043c\\u0438 \\u0447\\u0435\\u0440\\u0435\\u0437 \\u0444\\u043e\\u0440\\u043c\\u0443 \\u0437\\u0432\\u043e\\u0440\\u043e\\u0442\\u043d\\u043e\\u0433\\u043e \\u0437\\u0432'\\u044f\\u0437\\u043a\\u0443 \\u0430\\u0431\\u043e \\u0437\\u0430 \\u0442\\u0435\\u043b\\u0435\\u0444\\u043e\\u043d\\u043e\\u043c.\\\\n\\\\n\\u041c\\u0438 \\u0456\\u043d\\u0434\\u0438\\u0432\\u0456\\u0434\\u0443\\u0430\\u043b\\u044c\\u043d\\u043e \\u0440\\u043e\\u0437\\u0433\\u043b\\u044f\\u0434\\u0430\\u0454\\u043c\\u043e \\u043a\\u043e\\u0436\\u043d\\u0443 \\u0441\\u043a\\u0430\\u0440\\u0433\\u0443 \\u0442\\u0430 \\u043f\\u043e\\u0441\\u0442\\u0456\\u0439\\u043d\\u043e \\u0441\\u043f\\u043e\\u0441\\u0442\\u0435\\u0440\\u0456\\u0433\\u0430\\u0454\\u043c\\u043e \\u0437\\u0430 \\u044f\\u043a\\u0456\\u0441\\u0442\\u044e \\u043d\\u0430\\u0448\\u043e\\u0457 \\u043f\\u0440\\u043e\\u0434\\u0443\\u043a\\u0446\\u0456\\u0457. \\u0412\\u0456\\u0434\\u0433\\u0443\\u043a\\u0438 \\u0412\\u0438 \\u043c\\u043e\\u0436\\u0435\\u0442\\u0435 \\u0437\\u0430\\u043b\\u0438\\u0448\\u0438\\u0442\\u0438 \\u043d\\u0430 \\u0441\\u0430\\u0439\\u0442\\u0456, \\u0432 \\u043d\\u043e\\u043c\\u0435\\u0440\\u0456 \\u0442\\u0435\\u043b\\u0435\\u0444\\u043e\\u043d\\u0443 \\u0430\\u0431\\u043e \\u0432 \\u0414\\u0438\\u0440\\u0435\\u043a\\u0442 \\u0406\\u043d\\u0441\\u0442\\u0430\\u0433\\u0440\\u0430\\u043c\\u043c.\\\\n\\\"}]}\", \"html\": \"<p>\\u042f\\u043a\\u0449\\u043e \\u0443 \\u0432\\u0430\\u0441 \\u0432\\u0438\\u043d\\u0438\\u043a\\u043b\\u0438 \\u043f\\u0438\\u0442\\u0430\\u043d\\u043d\\u044f, \\u043f\\u0440\\u043e\\u043f\\u043e\\u0437\\u0438\\u0446\\u0456\\u0457 \\u0447\\u0438 \\u0437\\u0430\\u0443\\u0432\\u0430\\u0436\\u0435\\u043d\\u043d\\u044f, \\u0432\\u0438 \\u0437\\u0430\\u0432\\u0436\\u0434\\u0438 \\u043c\\u043e\\u0436\\u0435\\u0442\\u0435 \\u0437\\u0432\\u2019\\u044f\\u0437\\u0430\\u0442\\u0438\\u0441\\u044f \\u0437 \\u043d\\u0430\\u043c\\u0438 \\u0447\\u0435\\u0440\\u0435\\u0437 \\u0444\\u043e\\u0440\\u043c\\u0443 \\u0437\\u0432\\u043e\\u0440\\u043e\\u0442\\u043d\\u043e\\u0433\\u043e \\u0437\\u0432'\\u044f\\u0437\\u043a\\u0443 \\u0430\\u0431\\u043e \\u0437\\u0430 \\u0442\\u0435\\u043b\\u0435\\u0444\\u043e\\u043d\\u043e\\u043c.</p><p><br></p><p>\\u041c\\u0438 \\u0456\\u043d\\u0434\\u0438\\u0432\\u0456\\u0434\\u0443\\u0430\\u043b\\u044c\\u043d\\u043e \\u0440\\u043e\\u0437\\u0433\\u043b\\u044f\\u0434\\u0430\\u0454\\u043c\\u043e \\u043a\\u043e\\u0436\\u043d\\u0443 \\u0441\\u043a\\u0430\\u0440\\u0433\\u0443 \\u0442\\u0430 \\u043f\\u043e\\u0441\\u0442\\u0456\\u0439\\u043d\\u043e \\u0441\\u043f\\u043e\\u0441\\u0442\\u0435\\u0440\\u0456\\u0433\\u0430\\u0454\\u043c\\u043e \\u0437\\u0430 \\u044f\\u043a\\u0456\\u0441\\u0442\\u044e \\u043d\\u0430\\u0448\\u043e\\u0457 \\u043f\\u0440\\u043e\\u0434\\u0443\\u043a\\u0446\\u0456\\u0457. \\u0412\\u0456\\u0434\\u0433\\u0443\\u043a\\u0438 \\u0412\\u0438 \\u043c\\u043e\\u0436\\u0435\\u0442\\u0435 \\u0437\\u0430\\u043b\\u0438\\u0448\\u0438\\u0442\\u0438 \\u043d\\u0430 \\u0441\\u0430\\u0439\\u0442\\u0456, \\u0432 \\u043d\\u043e\\u043c\\u0435\\u0440\\u0456 \\u0442\\u0435\\u043b\\u0435\\u0444\\u043e\\u043d\\u0443 \\u0430\\u0431\\u043e \\u0432 \\u0414\\u0438\\u0440\\u0435\\u043a\\u0442 \\u0406\\u043d\\u0441\\u0442\\u0430\\u0433\\u0440\\u0430\\u043c\\u043c.</p>\"}", "contact_about_text_uk": "{\"delta\": \"{\\\"ops\\\":[{\\\"insert\\\":\\\"\\u042f\\u043a\\u0449\\u043e \\u0443 \\u0432\\u0430\\u0441 \\u0432\\u0438\\u043d\\u0438\\u043a\\u043b\\u0438 \\u043f\\u0438\\u0442\\u0430\\u043d\\u043d\\u044f, \\u043f\\u0440\\u043e\\u043f\\u043e\\u0437\\u0438\\u0446\\u0456\\u0457 \\u0447\\u0438 \\u0437\\u0430\\u0443\\u0432\\u0430\\u0436\\u0435\\u043d\\u043d\\u044f, \\u0432\\u0438 \\u0437\\u0430\\u0432\\u0436\\u0434\\u0438 \\u043c\\u043e\\u0436\\u0435\\u0442\\u0435 \\u0437\\u0432\\u2019\\u044f\\u0437\\u0430\\u0442\\u0438\\u0441\\u044f \\u0437 \\u043d\\u0430\\u043c\\u0438 \\u0447\\u0435\\u0440\\u0435\\u0437 \\u0444\\u043e\\u0440\\u043c\\u0443 \\u0437\\u0432\\u043e\\u0440\\u043e\\u0442\\u043d\\u043e\\u0433\\u043e \\u0437\\u0432'\\u044f\\u0437\\u043a\\u0443 \\u0430\\u0431\\u043e \\u0437\\u0430 \\u0442\\u0435\\u043b\\u0435\\u0444\\u043e\\u043d\\u043e\\u043c.\\\\n\\\\n\\u041c\\u0438 \\u0456\\u043d\\u0434\\u0438\\u0432\\u0456\\u0434\\u0443\\u0430\\u043b\\u044c\\u043d\\u043e \\u0440\\u043e\\u0437\\u0433\\u043b\\u044f\\u0434\\u0430\\u0454\\u043c\\u043e \\u043a\\u043e\\u0436\\u043d\\u0443 \\u0441\\u043a\\u0430\\u0440\\u0433\\u0443 \\u0442\\u0430 \\u043f\\u043e\\u0441\\u0442\\u0456\\u0439\\u043d\\u043e \\u0441\\u043f\\u043e\\u0441\\u0442\\u0435\\u0440\\u0456\\u0433\\u0430\\u0454\\u043c\\u043e \\u0437\\u0430 \\u044f\\u043a\\u0456\\u0441\\u0442\\u044e \\u043d\\u0430\\u0448\\u043e\\u0457 \\u043f\\u0440\\u043e\\u0434\\u0443\\u043a\\u0446\\u0456\\u0457. \\u0412\\u0456\\u0434\\u0433\\u0443\\u043a\\u0438 \\u0412\\u0438 \\u043c\\u043e\\u0436\\u0435\\u0442\\u0435 \\u0437\\u0430\\u043b\\u0438\\u0448\\u0438\\u0442\\u0438 \\u043d\\u0430 \\u0441\\u0430\\u0439\\u0442\\u0456, \\u0432 \\u043d\\u043e\\u043c\\u0435\\u0440\\u0456 \\u0442\\u0435\\u043b\\u0435\\u0444\\u043e\\u043d\\u0443 \\u0430\\u0431\\u043e \\u0432 \\u0414\\u0438\\u0440\\u0435\\u043a\\u0442 \\u0406\\u043d\\u0441\\u0442\\u0430\\u0433\\u0440\\u0430\\u043c\\u043c.\\\\n\\\"}]}\", \"html\": \"<p>\\u042f\\u043a\\u0449\\u043e \\u0443 \\u0432\\u0430\\u0441 \\u0432\\u0438\\u043d\\u0438\\u043a\\u043b\\u0438 \\u043f\\u0438\\u0442\\u0430\\u043d\\u043d\\u044f, \\u043f\\u0440\\u043e\\u043f\\u043e\\u0437\\u0438\\u0446\\u0456\\u0457 \\u0447\\u0438 \\u0437\\u0430\\u0443\\u0432\\u0430\\u0436\\u0435\\u043d\\u043d\\u044f, \\u0432\\u0438 \\u0437\\u0430\\u0432\\u0436\\u0434\\u0438 \\u043c\\u043e\\u0436\\u0435\\u0442\\u0435 \\u0437\\u0432\\u2019\\u044f\\u0437\\u0430\\u0442\\u0438\\u0441\\u044f \\u0437 \\u043d\\u0430\\u043c\\u0438 \\u0447\\u0435\\u0440\\u0435\\u0437 \\u0444\\u043e\\u0440\\u043c\\u0443 \\u0437\\u0432\\u043e\\u0440\\u043e\\u0442\\u043d\\u043e\\u0433\\u043e \\u0437\\u0432'\\u044f\\u0437\\u043a\\u0443 \\u0430\\u0431\\u043e \\u0437\\u0430 \\u0442\\u0435\\u043b\\u0435\\u0444\\u043e\\u043d\\u043e\\u043c.</p><p><br></p><p>\\u041c\\u0438 \\u0456\\u043d\\u0434\\u0438\\u0432\\u0456\\u0434\\u0443\\u0430\\u043b\\u044c\\u043d\\u043e \\u0440\\u043e\\u0437\\u0433\\u043b\\u044f\\u0434\\u0430\\u0454\\u043c\\u043e \\u043a\\u043e\\u0436\\u043d\\u0443 \\u0441\\u043a\\u0430\\u0440\\u0433\\u0443 \\u0442\\u0430 \\u043f\\u043e\\u0441\\u0442\\u0456\\u0439\\u043d\\u043e \\u0441\\u043f\\u043e\\u0441\\u0442\\u0435\\u0440\\u0456\\u0433\\u0430\\u0454\\u043c\\u043e \\u0437\\u0430 \\u044f\\u043a\\u0456\\u0441\\u0442\\u044e \\u043d\\u0430\\u0448\\u043e\\u0457 \\u043f\\u0440\\u043e\\u0434\\u0443\\u043a\\u0446\\u0456\\u0457. \\u0412\\u0456\\u0434\\u0433\\u0443\\u043a\\u0438 \\u0412\\u0438 \\u043c\\u043e\\u0436\\u0435\\u0442\\u0435 \\u0437\\u0430\\u043b\\u0438\\u0448\\u0438\\u0442\\u0438 \\u043d\\u0430 \\u0441\\u0430\\u0439\\u0442\\u0456, \\u0432 \\u043d\\u043e\\u043c\\u0435\\u0440\\u0456 \\u0442\\u0435\\u043b\\u0435\\u0444\\u043e\\u043d\\u0443 \\u0430\\u0431\\u043e \\u0432 \\u0414\\u0438\\u0440\\u0435\\u043a\\u0442 \\u0406\\u043d\\u0441\\u0442\\u0430\\u0433\\u0440\\u0430\\u043c\\u043c.</p>\"}", "contact_about_text_ru": "{\"delta\": \"{\\\"ops\\\":[{\\\"insert\\\":\\\"\\u0415\\u0441\\u043b\\u0438 \\u0443 \\u0432\\u0430\\u0441 \\u0432\\u043e\\u0437\\u043d\\u0438\\u043a\\u043b\\u0438 \\u0432\\u043e\\u043f\\u0440\\u043e\\u0441\\u044b, \\u043f\\u0440\\u0435\\u0434\\u043b\\u043e\\u0436\\u0435\\u043d\\u0438\\u044f \\u0438\\u043b\\u0438 \\u043f\\u043e\\u0436\\u0435\\u043b\\u0430\\u043d\\u0438\\u044f,\\u00a0\\u0412\\u044b \\u0432\\u0441\\u0435\\u0433\\u0434\\u0430 \\u043c\\u043e\\u0436\\u0435\\u0442\\u0435 \\u0441\\u0432\\u044f\\u0437\\u0430\\u0442\\u044c\\u0441\\u044f \\u0441 \\u043d\\u0430\\u043c\\u0438 \\u0447\\u0435\\u0440\\u0435\\u0437 \\u0444\\u043e\\u0440\\u043c\\u0443 \\u043e\\u0431\\u0440\\u0430\\u0442\\u043d\\u043e\\u0439 \\u0441\\u0432\\u044f\\u0437\\u0438 \\u0438\\u043b\\u0438 \\u043f\\u043e \\u0442\\u0435\\u043b\\u0435\\u0444\\u043e\\u043d\\u0443.\\\\n\\u041c\\u044b \\u0438\\u043d\\u0434\\u0438\\u0432\\u0438\\u0434\\u0443\\u0430\\u043b\\u044c\\u043d\\u043e \\u0440\\u0430\\u0441\\u0441\\u043c\\u0430\\u0442\\u0440\\u0438\\u0432\\u0430\\u0435\\u043c \\u043a\\u0430\\u0436\\u0434\\u0443\\u044e \\u0436\\u0430\\u043b\\u043e\\u0431\\u0443 \\u0438 \\u043f\\u043e\\u0441\\u0442\\u043e\\u044f\\u043d\\u043d\\u043e \\u0441\\u043b\\u0435\\u0434\\u0438\\u043c \\u0437\\u0430 \\u043a\\u0430\\u0447\\u0435\\u0441\\u0442\\u0432\\u043e\\u043c \\u043d\\u0430\\u0448\\u0435\\u0439 \\u043f\\u0440\\u043e\\u0434\\u0443\\u043a\\u0446\\u0438\\u0438. \\u041e\\u0442\\u0437\\u044b\\u0432\\u044b \\u0412\\u044b \\u043c\\u043e\\u0436\\u0435\\u0442\\u0435 \\u043e\\u0441\\u0442\\u0430\\u0432\\u0438\\u0442\\u044c \\u043d\\u0430 \\u0441\\u0430\\u0439\\u0442\\u0435, \\u043f\\u043e \\u043d\\u043e\\u043c\\u0435\\u0440\\u0430\\u043c \\u0442\\u0435\\u043b\\u0435\\u0444\\u043e\\u043d\\u0430 \\u0438\\u043b\\u0438 \\u0432 \\u0414\\u0438\\u0440\\u0435\\u043a\\u0442 \\u0418\\u043d\\u0441\\u0442\\u0430\\u0433\\u0440\\u0430\\u043c\\u043c. \\\\n\\\"}]}\", \"html\": \"<p>\\u0415\\u0441\\u043b\\u0438 \\u0443 \\u0432\\u0430\\u0441 \\u0432\\u043e\\u0437\\u043d\\u0438\\u043a\\u043b\\u0438 \\u0432\\u043e\\u043f\\u0440\\u043e\\u0441\\u044b, \\u043f\\u0440\\u0435\\u0434\\u043b\\u043e\\u0436\\u0435\\u043d\\u0438\\u044f \\u0438\\u043b\\u0438 \\u043f\\u043e\\u0436\\u0435\\u043b\\u0430\\u043d\\u0438\\u044f,&nbsp;\\u0412\\u044b \\u0432\\u0441\\u0435\\u0433\\u0434\\u0430 \\u043c\\u043e\\u0436\\u0435\\u0442\\u0435 \\u0441\\u0432\\u044f\\u0437\\u0430\\u0442\\u044c\\u0441\\u044f \\u0441 \\u043d\\u0430\\u043c\\u0438 \\u0447\\u0435\\u0440\\u0435\\u0437 \\u0444\\u043e\\u0440\\u043c\\u0443 \\u043e\\u0431\\u0440\\u0430\\u0442\\u043d\\u043e\\u0439 \\u0441\\u0432\\u044f\\u0437\\u0438 \\u0438\\u043b\\u0438 \\u043f\\u043e \\u0442\\u0435\\u043b\\u0435\\u0444\\u043e\\u043d\\u0443.</p><p>\\u041c\\u044b \\u0438\\u043d\\u0434\\u0438\\u0432\\u0438\\u0434\\u0443\\u0430\\u043b\\u044c\\u043d\\u043e \\u0440\\u0430\\u0441\\u0441\\u043c\\u0430\\u0442\\u0440\\u0438\\u0432\\u0430\\u0435\\u043c \\u043a\\u0430\\u0436\\u0434\\u0443\\u044e \\u0436\\u0430\\u043b\\u043e\\u0431\\u0443 \\u0438 \\u043f\\u043e\\u0441\\u0442\\u043e\\u044f\\u043d\\u043d\\u043e \\u0441\\u043b\\u0435\\u0434\\u0438\\u043c \\u0437\\u0430 \\u043a\\u0430\\u0447\\u0435\\u0441\\u0442\\u0432\\u043e\\u043c \\u043d\\u0430\\u0448\\u0435\\u0439 \\u043f\\u0440\\u043e\\u0434\\u0443\\u043a\\u0446\\u0438\\u0438. \\u041e\\u0442\\u0437\\u044b\\u0432\\u044b \\u0412\\u044b \\u043c\\u043e\\u0436\\u0435\\u0442\\u0435 \\u043e\\u0441\\u0442\\u0430\\u0432\\u0438\\u0442\\u044c \\u043d\\u0430 \\u0441\\u0430\\u0439\\u0442\\u0435, \\u043f\\u043e \\u043d\\u043e\\u043c\\u0435\\u0440\\u0430\\u043c \\u0442\\u0435\\u043b\\u0435\\u0444\\u043e\\u043d\\u0430 \\u0438\\u043b\\u0438 \\u0432 \\u0414\\u0438\\u0440\\u0435\\u043a\\u0442 \\u0418\\u043d\\u0441\\u0442\\u0430\\u0433\\u0440\\u0430\\u043c\\u043c. </p>\"}", "contact_about_text_en": "{\"delta\": \"{\\\"ops\\\":[{\\\"insert\\\":\\\"If you have any questions, suggestions or wishes, you can always contact us through the feedback form or by phone.\\\\n\\\\nWe consider each complaint individually and constantly monitor the quality of our products. You can leave your comments on the website, by phone numbers or in Direct Instagram.\\\\n\\\"}]}\", \"html\": \"<p>If you have any questions, suggestions or wishes, you can always contact us through the feedback form or by phone.</p><p><br></p><p>We consider each complaint individually and constantly monitor the quality of our products. You can leave your comments on the website, by phone numbers or in Direct Instagram.</p>\"}", "facebook_link": null, "telegram_link": null, "youtube_link": null, "twitter_link": null, "instagram_link": null, "github_link": null, "currency_symbol": "грн.", "currency_symbol_uk": "грн.", "currency_symbol_ru": "грн.", "currency_symbol_en": "₴", "welcome_title": "Вітаю!", "welcome_title_uk": "Вітаю!", "welcome_title_ru": "Привет!", "welcome_title_en": "Welcome!", "welcome_text": "{\"delta\": \"{\\\"ops\\\":[{\\\"insert\\\":\\\"\\u041f\\u0456\\u0446\\u0430 \\u0425\\u0430\\u0440\\u043a\\u0456\\u0432 \\u043f\\u043e\\u0440\\u0430\\u0434\\u0443\\u0454 \\u0412\\u0430\\u0441 \\u0432\\u0435\\u043b\\u0438\\u043a\\u043e\\u044e \\u043a\\u0456\\u043b\\u044c\\u043a\\u0456\\u0441\\u0442\\u044e \\u043d\\u0430\\u0447\\u0438\\u043d\\u043a\\u0438 \\u0456 \\u0432\\u0435\\u043b\\u0438\\u0447\\u0435\\u0437\\u043d\\u0438\\u043c \\u0448\\u0430\\u0440\\u043e\\u043c \\u0441\\u0438\\u0440\\u0443 \\u0437\\u0432\\u0435\\u0440\\u0445\\u0443. \\u0423 \\u0441\\u0443\\u0447\\u0430\\u0441\\u043d\\u043e\\u043c\\u0443 \\u0441\\u0432\\u0456\\u0442\\u0456 \\u0437 \\u0448\\u0430\\u043b\\u0435\\u043d\\u0438\\u043c \\u0440\\u0438\\u0442\\u043c\\u043e\\u043c \\u0436\\u0438\\u0442\\u0442\\u044f \\u0434\\u043e\\u0441\\u0442\\u0430\\u0432\\u043a\\u0430 \\u043f\\u0456\\u0446\\u0438 \\u0432 \\u0425\\u0430\\u0440\\u043a\\u043e\\u0432\\u0456 \\u0441\\u0442\\u0430\\u043b\\u0430 \\u043a\\u043e\\u0440\\u0438\\u0441\\u0442\\u0443\\u0432\\u0430\\u0442\\u0438\\u0441\\u044f \\u0432\\u0435\\u043b\\u0438\\u0447\\u0435\\u0437\\u043d\\u043e\\u044e \\u043f\\u043e\\u043f\\u0443\\u043b\\u044f\\u0440\\u043d\\u0456\\u0441\\u0442\\u044e. \\u0423 \\u0441\\u0456\\u043c\\u0435\\u0439\\u043d\\u0456\\u0439 \\u043f\\u0456\\u0446\\u0435\\u0440\\u0456\\u0457 Pikes Peak Pizza \\u043f\\u0440\\u0430\\u0446\\u044e\\u0454 \\u0446\\u0456\\u043b\\u043e\\u0434\\u043e\\u0431\\u043e\\u0432\\u0430 \\u0434\\u043e\\u0441\\u0442\\u0430\\u0432\\u043a\\u0430 \\u043f\\u0456\\u0446\\u0438 \\u0432 \\u0425\\u0430\\u0440\\u043a\\u043e\\u0432\\u0456. \\u0426\\u0456\\u043b\\u043e\\u0434\\u043e\\u0431\\u043e\\u0432\\u0430 \\u0434\\u043e\\u0441\\u0442\\u0430\\u0432\\u043a\\u0430 \\u043f\\u0456\\u0446\\u0438 \\u0432 \\u0425\\u0430\\u0440\\u043a\\u043e\\u0432\\u0456 \\u043f\\u0440\\u0430\\u0446\\u044e\\u0454 \\u0446\\u0456\\u043b\\u0438\\u0439 \\u0440\\u0456\\u043a, \\u0432 \\u0431\\u0443\\u0434\\u044c-\\u044f\\u043a\\u0438\\u0439 \\u0447\\u0430\\u0441 \\u0434\\u043d\\u044f \\u0456 \\u043d\\u043e\\u0447\\u0456, \\u0432 \\u0431\\u0443\\u0434\\u044c-\\u044f\\u043a\\u0443 \\u043f\\u043e\\u0433\\u043e\\u0434\\u0443. \\u041c\\u0438 \\u0434\\u043e\\u0441\\u0442\\u0430\\u0432\\u0438\\u043c\\u043e \\u0412\\u0430\\u0448\\u0443 \\u0443\\u043b\\u044e\\u0431\\u043b\\u0435\\u043d\\u0443 \\u043f\\u0456\\u0446\\u0443 \\u0432 \\u0431\\u0443\\u0434\\u044c-\\u044f\\u043a\\u0443 \\u0442\\u043e\\u0447\\u043a\\u0443 \\u043c\\u0456\\u0441\\u0442\\u0430. \\u0412\\u0438 \\u043e\\u0442\\u0440\\u0438\\u043c\\u0430\\u0454\\u0442\\u0435 \\u0433\\u043e\\u0442\\u043e\\u0432\\u0435, \\u043e\\u0431\\u0440\\u0430\\u043d\\u0435 \\u043d\\u0430 \\u0441\\u0432\\u0456\\u0439 \\u0441\\u043c\\u0430\\u043a \\u0431\\u043b\\u044e\\u0434\\u043e \\u0448\\u0432\\u0438\\u0434\\u043a\\u043e, \\u043f\\u0440\\u043e\\u0442\\u044f\\u0433\\u043e\\u043c 60 \\u0445\\u0432\\u0438\\u043b\\u0438\\u043d. \\u041d\\u0430\\u0448\\u0456 \\u043f\\u0456\\u0446\\u0438 \\u0433\\u043e\\u0442\\u0443\\u044e\\u0442\\u044c\\u0441\\u044f \\u0441\\u043f\\u0435\\u0446\\u0456\\u0430\\u043b\\u044c\\u043d\\u043e \\u043d\\u0430\\u0432\\u0447\\u0435\\u043d\\u0438\\u043c\\u0438 \\u043a\\u0443\\u0445\\u0430\\u0440\\u044f\\u043c\\u0438, \\u0442\\u0456\\u043b\\u044c\\u043a\\u0438 \\u0437\\u0456 \\u0441\\u0432\\u0456\\u0436\\u0438\\u0445 \\u043f\\u0440\\u043e\\u0434\\u0443\\u043a\\u0442\\u0456\\u0432, \\u0432\\u0438\\u043a\\u043e\\u0440\\u0438\\u0441\\u0442\\u043e\\u0432\\u0443\\u044e\\u0447\\u0438 \\u0441\\u0442\\u0430\\u0440\\u043e\\u0432\\u0438\\u043d\\u043d\\u0456 \\u0440\\u0435\\u0446\\u0435\\u043f\\u0442\\u0438 \\u0456 \\u043d\\u043e\\u0432\\u0456\\u0442\\u043d\\u0456 \\u0442\\u0435\\u0445\\u043d\\u043e\\u043b\\u043e\\u0433\\u0456\\u0457 \\u043f\\u0440\\u0438\\u0433\\u043e\\u0442\\u0443\\u0432\\u0430\\u043d\\u043d\\u044f.\\\\n\\\"}]}\", \"html\": \"<p>\\u041f\\u0456\\u0446\\u0430 \\u0425\\u0430\\u0440\\u043a\\u0456\\u0432 \\u043f\\u043e\\u0440\\u0430\\u0434\\u0443\\u0454 \\u0412\\u0430\\u0441 \\u0432\\u0435\\u043b\\u0438\\u043a\\u043e\\u044e \\u043a\\u0456\\u043b\\u044c\\u043a\\u0456\\u0441\\u0442\\u044e \\u043d\\u0430\\u0447\\u0438\\u043d\\u043a\\u0438 \\u0456 \\u0432\\u0435\\u043b\\u0438\\u0447\\u0435\\u0437\\u043d\\u0438\\u043c \\u0448\\u0430\\u0440\\u043e\\u043c \\u0441\\u0438\\u0440\\u0443 \\u0437\\u0432\\u0435\\u0440\\u0445\\u0443. \\u0423 \\u0441\\u0443\\u0447\\u0430\\u0441\\u043d\\u043e\\u043c\\u0443 \\u0441\\u0432\\u0456\\u0442\\u0456 \\u0437 \\u0448\\u0430\\u043b\\u0435\\u043d\\u0438\\u043c \\u0440\\u0438\\u0442\\u043c\\u043e\\u043c \\u0436\\u0438\\u0442\\u0442\\u044f \\u0434\\u043e\\u0441\\u0442\\u0430\\u0432\\u043a\\u0430 \\u043f\\u0456\\u0446\\u0438 \\u0432 \\u0425\\u0430\\u0440\\u043a\\u043e\\u0432\\u0456 \\u0441\\u0442\\u0430\\u043b\\u0430 \\u043a\\u043e\\u0440\\u0438\\u0441\\u0442\\u0443\\u0432\\u0430\\u0442\\u0438\\u0441\\u044f \\u0432\\u0435\\u043b\\u0438\\u0447\\u0435\\u0437\\u043d\\u043e\\u044e \\u043f\\u043e\\u043f\\u0443\\u043b\\u044f\\u0440\\u043d\\u0456\\u0441\\u0442\\u044e. \\u0423 \\u0441\\u0456\\u043c\\u0435\\u0439\\u043d\\u0456\\u0439 \\u043f\\u0456\\u0446\\u0435\\u0440\\u0456\\u0457 Pikes Peak Pizza \\u043f\\u0440\\u0430\\u0446\\u044e\\u0454 \\u0446\\u0456\\u043b\\u043e\\u0434\\u043e\\u0431\\u043e\\u0432\\u0430 \\u0434\\u043e\\u0441\\u0442\\u0430\\u0432\\u043a\\u0430 \\u043f\\u0456\\u0446\\u0438 \\u0432 \\u0425\\u0430\\u0440\\u043a\\u043e\\u0432\\u0456. \\u0426\\u0456\\u043b\\u043e\\u0434\\u043e\\u0431\\u043e\\u0432\\u0430 \\u0434\\u043e\\u0441\\u0442\\u0430\\u0432\\u043a\\u0430 \\u043f\\u0456\\u0446\\u0438 \\u0432 \\u0425\\u0430\\u0440\\u043a\\u043e\\u0432\\u0456 \\u043f\\u0440\\u0430\\u0446\\u044e\\u0454 \\u0446\\u0456\\u043b\\u0438\\u0439 \\u0440\\u0456\\u043a, \\u0432 \\u0431\\u0443\\u0434\\u044c-\\u044f\\u043a\\u0438\\u0439 \\u0447\\u0430\\u0441 \\u0434\\u043d\\u044f \\u0456 \\u043d\\u043e\\u0447\\u0456, \\u0432 \\u0431\\u0443\\u0434\\u044c-\\u044f\\u043a\\u0443 \\u043f\\u043e\\u0433\\u043e\\u0434\\u0443. \\u041c\\u0438 \\u0434\\u043e\\u0441\\u0442\\u0430\\u0432\\u0438\\u043c\\u043e \\u0412\\u0430\\u0448\\u0443 \\u0443\\u043b\\u044e\\u0431\\u043b\\u0435\\u043d\\u0443 \\u043f\\u0456\\u0446\\u0443 \\u0432 \\u0431\\u0443\\u0434\\u044c-\\u044f\\u043a\\u0443 \\u0442\\u043e\\u0447\\u043a\\u0443 \\u043c\\u0456\\u0441\\u0442\\u0430. \\u0412\\u0438 \\u043e\\u0442\\u0440\\u0438\\u043c\\u0430\\u0454\\u0442\\u0435 \\u0433\\u043e\\u0442\\u043e\\u0432\\u0435, \\u043e\\u0431\\u0440\\u0430\\u043d\\u0435 \\u043d\\u0430 \\u0441\\u0432\\u0456\\u0439 \\u0441\\u043c\\u0430\\u043a \\u0431\\u043b\\u044e\\u0434\\u043e \\u0448\\u0432\\u0438\\u0434\\u043a\\u043e, \\u043f\\u0440\\u043e\\u0442\\u044f\\u0433\\u043e\\u043c 60 \\u0445\\u0432\\u0438\\u043b\\u0438\\u043d. \\u041d\\u0430\\u0448\\u0456 \\u043f\\u0456\\u0446\\u0438 \\u0433\\u043e\\u0442\\u0443\\u044e\\u0442\\u044c\\u0441\\u044f \\u0441\\u043f\\u0435\\u0446\\u0456\\u0430\\u043b\\u044c\\u043d\\u043e \\u043d\\u0430\\u0432\\u0447\\u0435\\u043d\\u0438\\u043c\\u0438 \\u043a\\u0443\\u0445\\u0430\\u0440\\u044f\\u043c\\u0438, \\u0442\\u0456\\u043b\\u044c\\u043a\\u0438 \\u0437\\u0456 \\u0441\\u0432\\u0456\\u0436\\u0438\\u0445 \\u043f\\u0440\\u043e\\u0434\\u0443\\u043a\\u0442\\u0456\\u0432, \\u0432\\u0438\\u043a\\u043e\\u0440\\u0438\\u0441\\u0442\\u043e\\u0432\\u0443\\u044e\\u0447\\u0438 \\u0441\\u0442\\u0430\\u0440\\u043e\\u0432\\u0438\\u043d\\u043d\\u0456 \\u0440\\u0435\\u0446\\u0435\\u043f\\u0442\\u0438 \\u0456 \\u043d\\u043e\\u0432\\u0456\\u0442\\u043d\\u0456 \\u0442\\u0435\\u0445\\u043d\\u043e\\u043b\\u043e\\u0433\\u0456\\u0457 \\u043f\\u0440\\u0438\\u0433\\u043e\\u0442\\u0443\\u0432\\u0430\\u043d\\u043d\\u044f.</p>\"}", "welcome_text_uk": "{\"delta\": \"{\\\"ops\\\":[{\\\"insert\\\":\\\"\\u041f\\u0456\\u0446\\u0430 \\u0425\\u0430\\u0440\\u043a\\u0456\\u0432 \\u043f\\u043e\\u0440\\u0430\\u0434\\u0443\\u0454 \\u0412\\u0430\\u0441 \\u0432\\u0435\\u043b\\u0438\\u043a\\u043e\\u044e \\u043a\\u0456\\u043b\\u044c\\u043a\\u0456\\u0441\\u0442\\u044e \\u043d\\u0430\\u0447\\u0438\\u043d\\u043a\\u0438 \\u0456 \\u0432\\u0435\\u043b\\u0438\\u0447\\u0435\\u0437\\u043d\\u0438\\u043c \\u0448\\u0430\\u0440\\u043e\\u043c \\u0441\\u0438\\u0440\\u0443 \\u0437\\u0432\\u0435\\u0440\\u0445\\u0443. \\u0423 \\u0441\\u0443\\u0447\\u0430\\u0441\\u043d\\u043e\\u043c\\u0443 \\u0441\\u0432\\u0456\\u0442\\u0456 \\u0437 \\u0448\\u0430\\u043b\\u0435\\u043d\\u0438\\u043c \\u0440\\u0438\\u0442\\u043c\\u043e\\u043c \\u0436\\u0438\\u0442\\u0442\\u044f \\u0434\\u043e\\u0441\\u0442\\u0430\\u0432\\u043a\\u0430 \\u043f\\u0456\\u0446\\u0438 \\u0432 \\u0425\\u0430\\u0440\\u043a\\u043e\\u0432\\u0456 \\u0441\\u0442\\u0430\\u043b\\u0430 \\u043a\\u043e\\u0440\\u0438\\u0441\\u0442\\u0443\\u0432\\u0430\\u0442\\u0438\\u0441\\u044f \\u0432\\u0435\\u043b\\u0438\\u0447\\u0435\\u0437\\u043d\\u043e\\u044e \\u043f\\u043e\\u043f\\u0443\\u043b\\u044f\\u0440\\u043d\\u0456\\u0441\\u0442\\u044e. \\u0423 \\u0441\\u0456\\u043c\\u0435\\u0439\\u043d\\u0456\\u0439 \\u043f\\u0456\\u0446\\u0435\\u0440\\u0456\\u0457 Pikes Peak Pizza \\u043f\\u0440\\u0430\\u0446\\u044e\\u0454 \\u0446\\u0456\\u043b\\u043e\\u0434\\u043e\\u0431\\u043e\\u0432\\u0430 \\u0434\\u043e\\u0441\\u0442\\u0430\\u0432\\u043a\\u0430 \\u043f\\u0456\\u0446\\u0438 \\u0432 \\u0425\\u0430\\u0440\\u043a\\u043e\\u0432\\u0456. \\u0426\\u0456\\u043b\\u043e\\u0434\\u043e\\u0431\\u043e\\u0432\\u0430 \\u0434\\u043e\\u0441\\u0442\\u0430\\u0432\\u043a\\u0430 \\u043f\\u0456\\u0446\\u0438 \\u0432 \\u0425\\u0430\\u0440\\u043a\\u043e\\u0432\\u0456 \\u043f\\u0440\\u0430\\u0446\\u044e\\u0454 \\u0446\\u0456\\u043b\\u0438\\u0439 \\u0440\\u0456\\u043a, \\u0432 \\u0431\\u0443\\u0434\\u044c-\\u044f\\u043a\\u0438\\u0439 \\u0447\\u0430\\u0441 \\u0434\\u043d\\u044f \\u0456 \\u043d\\u043e\\u0447\\u0456, \\u0432 \\u0431\\u0443\\u0434\\u044c-\\u044f\\u043a\\u0443 \\u043f\\u043e\\u0433\\u043e\\u0434\\u0443. \\u041c\\u0438 \\u0434\\u043e\\u0441\\u0442\\u0430\\u0432\\u0438\\u043c\\u043e \\u0412\\u0430\\u0448\\u0443 \\u0443\\u043b\\u044e\\u0431\\u043b\\u0435\\u043d\\u0443 \\u043f\\u0456\\u0446\\u0443 \\u0432 \\u0431\\u0443\\u0434\\u044c-\\u044f\\u043a\\u0443 \\u0442\\u043e\\u0447\\u043a\\u0443 \\u043c\\u0456\\u0441\\u0442\\u0430. \\u0412\\u0438 \\u043e\\u0442\\u0440\\u0438\\u043c\\u0430\\u0454\\u0442\\u0435 \\u0433\\u043e\\u0442\\u043e\\u0432\\u0435, \\u043e\\u0431\\u0440\\u0430\\u043d\\u0435 \\u043d\\u0430 \\u0441\\u0432\\u0456\\u0439 \\u0441\\u043c\\u0430\\u043a \\u0431\\u043b\\u044e\\u0434\\u043e \\u0448\\u0432\\u0438\\u0434\\u043a\\u043e, \\u043f\\u0440\\u043e\\u0442\\u044f\\u0433\\u043e\\u043c 60 \\u0445\\u0432\\u0438\\u043b\\u0438\\u043d. \\u041d\\u0430\\u0448\\u0456 \\u043f\\u0456\\u0446\\u0438 \\u0433\\u043e\\u0442\\u0443\\u044e\\u0442\\u044c\\u0441\\u044f \\u0441\\u043f\\u0435\\u0446\\u0456\\u0430\\u043b\\u044c\\u043d\\u043e \\u043d\\u0430\\u0432\\u0447\\u0435\\u043d\\u0438\\u043c\\u0438 \\u043a\\u0443\\u0445\\u0430\\u0440\\u044f\\u043c\\u0438, \\u0442\\u0456\\u043b\\u044c\\u043a\\u0438 \\u0437\\u0456 \\u0441\\u0432\\u0456\\u0436\\u0438\\u0445 \\u043f\\u0440\\u043e\\u0434\\u0443\\u043a\\u0442\\u0456\\u0432, \\u0432\\u0438\\u043a\\u043e\\u0440\\u0438\\u0441\\u0442\\u043e\\u0432\\u0443\\u044e\\u0447\\u0438 \\u0441\\u0442\\u0430\\u0440\\u043e\\u0432\\u0438\\u043d\\u043d\\u0456 \\u0440\\u0435\\u0446\\u0435\\u043f\\u0442\\u0438 \\u0456 \\u043d\\u043e\\u0432\\u0456\\u0442\\u043d\\u0456 \\u0442\\u0435\\u0445\\u043d\\u043e\\u043b\\u043e\\u0433\\u0456\\u0457 \\u043f\\u0440\\u0438\\u0433\\u043e\\u0442\\u0443\\u0432\\u0430\\u043d\\u043d\\u044f.\\\\n\\\"}]}\", \"html\": \"<p>\\u041f\\u0456\\u0446\\u0430 \\u0425\\u0430\\u0440\\u043a\\u0456\\u0432 \\u043f\\u043e\\u0440\\u0430\\u0434\\u0443\\u0454 \\u0412\\u0430\\u0441 \\u0432\\u0435\\u043b\\u0438\\u043a\\u043e\\u044e \\u043a\\u0456\\u043b\\u044c\\u043a\\u0456\\u0441\\u0442\\u044e \\u043d\\u0430\\u0447\\u0438\\u043d\\u043a\\u0438 \\u0456 \\u0432\\u0435\\u043b\\u0438\\u0447\\u0435\\u0437\\u043d\\u0438\\u043c \\u0448\\u0430\\u0440\\u043e\\u043c \\u0441\\u0438\\u0440\\u0443 \\u0437\\u0432\\u0435\\u0440\\u0445\\u0443. \\u0423 \\u0441\\u0443\\u0447\\u0430\\u0441\\u043d\\u043e\\u043c\\u0443 \\u0441\\u0432\\u0456\\u0442\\u0456 \\u0437 \\u0448\\u0430\\u043b\\u0435\\u043d\\u0438\\u043c \\u0440\\u0438\\u0442\\u043c\\u043e\\u043c \\u0436\\u0438\\u0442\\u0442\\u044f \\u0434\\u043e\\u0441\\u0442\\u0430\\u0432\\u043a\\u0430 \\u043f\\u0456\\u0446\\u0438 \\u0432 \\u0425\\u0430\\u0440\\u043a\\u043e\\u0432\\u0456 \\u0441\\u0442\\u0430\\u043b\\u0430 \\u043a\\u043e\\u0440\\u0438\\u0441\\u0442\\u0443\\u0432\\u0430\\u0442\\u0438\\u0441\\u044f \\u0432\\u0435\\u043b\\u0438\\u0447\\u0435\\u0437\\u043d\\u043e\\u044e \\u043f\\u043e\\u043f\\u0443\\u043b\\u044f\\u0440\\u043d\\u0456\\u0441\\u0442\\u044e. \\u0423 \\u0441\\u0456\\u043c\\u0435\\u0439\\u043d\\u0456\\u0439 \\u043f\\u0456\\u0446\\u0435\\u0440\\u0456\\u0457 Pikes Peak Pizza \\u043f\\u0440\\u0430\\u0446\\u044e\\u0454 \\u0446\\u0456\\u043b\\u043e\\u0434\\u043e\\u0431\\u043e\\u0432\\u0430 \\u0434\\u043e\\u0441\\u0442\\u0430\\u0432\\u043a\\u0430 \\u043f\\u0456\\u0446\\u0438 \\u0432 \\u0425\\u0430\\u0440\\u043a\\u043e\\u0432\\u0456. \\u0426\\u0456\\u043b\\u043e\\u0434\\u043e\\u0431\\u043e\\u0432\\u0430 \\u0434\\u043e\\u0441\\u0442\\u0430\\u0432\\u043a\\u0430 \\u043f\\u0456\\u0446\\u0438 \\u0432 \\u0425\\u0430\\u0440\\u043a\\u043e\\u0432\\u0456 \\u043f\\u0440\\u0430\\u0446\\u044e\\u0454 \\u0446\\u0456\\u043b\\u0438\\u0439 \\u0440\\u0456\\u043a, \\u0432 \\u0431\\u0443\\u0434\\u044c-\\u044f\\u043a\\u0438\\u0439 \\u0447\\u0430\\u0441 \\u0434\\u043d\\u044f \\u0456 \\u043d\\u043e\\u0447\\u0456, \\u0432 \\u0431\\u0443\\u0434\\u044c-\\u044f\\u043a\\u0443 \\u043f\\u043e\\u0433\\u043e\\u0434\\u0443. \\u041c\\u0438 \\u0434\\u043e\\u0441\\u0442\\u0430\\u0432\\u0438\\u043c\\u043e \\u0412\\u0430\\u0448\\u0443 \\u0443\\u043b\\u044e\\u0431\\u043b\\u0435\\u043d\\u0443 \\u043f\\u0456\\u0446\\u0443 \\u0432 \\u0431\\u0443\\u0434\\u044c-\\u044f\\u043a\\u0443 \\u0442\\u043e\\u0447\\u043a\\u0443 \\u043c\\u0456\\u0441\\u0442\\u0430. \\u0412\\u0438 \\u043e\\u0442\\u0440\\u0438\\u043c\\u0430\\u0454\\u0442\\u0435 \\u0433\\u043e\\u0442\\u043e\\u0432\\u0435, \\u043e\\u0431\\u0440\\u0430\\u043d\\u0435 \\u043d\\u0430 \\u0441\\u0432\\u0456\\u0439 \\u0441\\u043c\\u0430\\u043a \\u0431\\u043b\\u044e\\u0434\\u043e \\u0448\\u0432\\u0438\\u0434\\u043a\\u043e, \\u043f\\u0440\\u043e\\u0442\\u044f\\u0433\\u043e\\u043c 60 \\u0445\\u0432\\u0438\\u043b\\u0438\\u043d. \\u041d\\u0430\\u0448\\u0456 \\u043f\\u0456\\u0446\\u0438 \\u0433\\u043e\\u0442\\u0443\\u044e\\u0442\\u044c\\u0441\\u044f \\u0441\\u043f\\u0435\\u0446\\u0456\\u0430\\u043b\\u044c\\u043d\\u043e \\u043d\\u0430\\u0432\\u0447\\u0435\\u043d\\u0438\\u043c\\u0438 \\u043a\\u0443\\u0445\\u0430\\u0440\\u044f\\u043c\\u0438, \\u0442\\u0456\\u043b\\u044c\\u043a\\u0438 \\u0437\\u0456 \\u0441\\u0432\\u0456\\u0436\\u0438\\u0445 \\u043f\\u0440\\u043e\\u0434\\u0443\\u043a\\u0442\\u0456\\u0432, \\u0432\\u0438\\u043a\\u043e\\u0440\\u0438\\u0441\\u0442\\u043e\\u0432\\u0443\\u044e\\u0447\\u0438 \\u0441\\u0442\\u0430\\u0440\\u043e\\u0432\\u0438\\u043d\\u043d\\u0456 \\u0440\\u0435\\u0446\\u0435\\u043f\\u0442\\u0438 \\u0456 \\u043d\\u043e\\u0432\\u0456\\u0442\\u043d\\u0456 \\u0442\\u0435\\u0445\\u043d\\u043e\\u043b\\u043e\\u0433\\u0456\\u0457 \\u043f\\u0440\\u0438\\u0433\\u043e\\u0442\\u0443\\u0432\\u0430\\u043d\\u043d\\u044f.</p>\"}", "welcome_text_ru": "{\"delta\": \"{\\\"ops\\\":[{\\\"attributes\\\":{\\\"color\\\":\\\"#7a7a7a\\\"},\\\"insert\\\":\\\"\\u041f\\u0438\\u0446\\u0446\\u0430 \\u0425\\u0430\\u0440\\u044c\\u043a\\u043e\\u0432 \\u043f\\u043e\\u0440\\u0430\\u0434\\u0443\\u0435\\u0442 \\u0412\\u0430\\u0441 \\u0431\\u043e\\u043b\\u044c\\u0448\\u0438\\u043c \\u043a\\u043e\\u043b\\u0438\\u0447\\u0435\\u0441\\u0442\\u0432\\u043e\\u043c \\u043d\\u0430\\u0447\\u0438\\u043d\\u043a\\u0438 \\u0438 \\u043e\\u0433\\u0440\\u043e\\u043c\\u043d\\u0435\\u0439\\u0448\\u0438\\u043c \\u0441\\u043b\\u043e\\u0435\\u043c \\u0441\\u044b\\u0440\\u0430 \\u0441\\u0432\\u0435\\u0440\\u0445\\u0443. \\u0412 \\u0441\\u043e\\u0432\\u0440\\u0435\\u043c\\u0435\\u043d\\u043d\\u043e\\u043c \\u043c\\u0438\\u0440\\u0435 \\u0441 \\u0431\\u0435\\u0437\\u0443\\u043c\\u043d\\u044b\\u043c \\u0440\\u0438\\u0442\\u043c\\u043e\\u043c \\u0436\\u0438\\u0437\\u043d\\u0438 \\u0434\\u043e\\u0441\\u0442\\u0430\\u0432\\u043a\\u0430 \\u043f\\u0438\\u0446\\u0446\\u044b \\u0432 \\u0425\\u0430\\u0440\\u044c\\u043a\\u043e\\u0432\\u0435 \\u0441\\u0442\\u0430\\u043b\\u0430 \\u043f\\u043e\\u043b\\u044c\\u0437\\u043e\\u0432\\u0430\\u0442\\u044c\\u0441\\u044f \\u043e\\u0433\\u0440\\u043e\\u043c\\u043d\\u043e\\u0439 \\u043f\\u043e\\u043f\\u0443\\u043b\\u044f\\u0440\\u043d\\u043e\\u0441\\u0442\\u044c\\u044e. \\u0412 \\u0441\\u0435\\u043c\\u0435\\u0439\\u043d\\u043e\\u0439 \\u043f\\u0438\\u0446\\u0446\\u0435\\u0440\\u0438\\u0438 \\\"},{\\\"insert\\\":\\\"Pikes Peak Pizza\\\"},{\\\"attributes\\\":{\\\"color\\\":\\\"#7a7a7a\\\"},\\\"insert\\\":\\\" \\u0440\\u0430\\u0431\\u043e\\u0442\\u0430\\u0435\\u0442 \\u043a\\u0440\\u0443\\u0433\\u043b\\u043e\\u0441\\u0443\\u0442\\u043e\\u0447\\u043d\\u0430\\u044f \\u0434\\u043e\\u0441\\u0442\\u0430\\u0432\\u043a\\u0430 \\u043f\\u0438\\u0446\\u0446\\u044b \\u0432 \\u0425\\u0430\\u0440\\u044c\\u043a\\u043e\\u0432\\u0435. \\u041a\\u0440\\u0443\\u0433\\u043b\\u043e\\u0441\\u0443\\u0442\\u043e\\u0447\\u043d\\u0430\\u044f \\u0434\\u043e\\u0441\\u0442\\u0430\\u0432\\u043a\\u0430 \\u043f\\u0438\\u0446\\u0446\\u044b \\u0432 \\u0425\\u0430\\u0440\\u044c\\u043a\\u043e\\u0432\\u0435 \\u0440\\u0430\\u0431\\u043e\\u0442\\u0430\\u0435\\u0442 \\u043a\\u0440\\u0443\\u0433\\u043b\\u043e\\u0433\\u043e\\u0434\\u0438\\u0447\\u043d\\u043e, \\u0432 \\u043b\\u044e\\u0431\\u043e\\u0435 \\u0432\\u0440\\u0435\\u043c\\u044f \\u0434\\u043d\\u044f \\u0438 \\u043d\\u043e\\u0447\\u0438, \\u0432 \\u043b\\u044e\\u0431\\u0443\\u044e \\u043f\\u043e\\u0433\\u043e\\u0434\\u0443.\\u00a0\\u00a0\\u041c\\u044b \\u0434\\u043e\\u0441\\u0442\\u0430\\u0432\\u0438\\u043c \\u0412\\u0430\\u0448\\u0443 \\u043b\\u044e\\u0431\\u0438\\u043c\\u0443\\u044e \\u043f\\u0438\\u0446\\u0446\\u0443 \\u0432 \\u043b\\u044e\\u0431\\u0443\\u044e \\u0442\\u043e\\u0447\\u043a\\u0443 \\u0433\\u043e\\u0440\\u043e\\u0434\\u0430. \\u0412\\u044b \\u043f\\u043e\\u043b\\u0443\\u0447\\u0438\\u0442\\u0435 \\u0433\\u043e\\u0442\\u043e\\u0432\\u043e\\u0435, \\u0432\\u044b\\u0431\\u0440\\u0430\\u043d\\u043d\\u043e\\u0435 \\u043d\\u0430 \\u0441\\u0432\\u043e\\u0439 \\u0432\\u043a\\u0443\\u0441 \\u0431\\u043b\\u044e\\u0434\\u043e \\u0431\\u044b\\u0441\\u0442\\u0440\\u043e, \\u0432 \\u0442\\u0435\\u0447\\u0435\\u043d\\u0438\\u0438 60 \\u043c\\u0438\\u043d\\u0443\\u0442. \\u041d\\u0430\\u0448\\u0438 \\u043f\\u0438\\u0446\\u0446\\u044b \\u0433\\u043e\\u0442\\u043e\\u0432\\u044f\\u0442\\u0441\\u044f \\u0441\\u043f\\u0435\\u0446\\u0438\\u0430\\u043b\\u044c\\u043d\\u043e \\u043e\\u0431\\u0443\\u0447\\u0435\\u043d\\u043d\\u044b\\u043c\\u0438 \\u043f\\u043e\\u0432\\u0430\\u0440\\u0430\\u043c\\u0438, \\u0442\\u043e\\u043b\\u044c\\u043a\\u043e \\u0438\\u0437 \\u0441\\u0432\\u0435\\u0436\\u0438\\u0445 \\u043f\\u0440\\u043e\\u0434\\u0443\\u043a\\u0442\\u043e\\u0432, \\u0438\\u0441\\u043f\\u043e\\u043b\\u044c\\u0437\\u0443\\u044f \\u0441\\u0442\\u0430\\u0440\\u0438\\u043d\\u043d\\u044b\\u0435 \\u0440\\u0435\\u0446\\u0435\\u043f\\u0442\\u044b \\u0438 \\u043d\\u043e\\u0432\\u0435\\u0439\\u0448\\u0438\\u0435 \\u0442\\u0435\\u0445\\u043d\\u043e\\u043b\\u043e\\u0433\\u0438 \\u043f\\u0440\\u0438\\u0433\\u043e\\u0442\\u043e\\u0432\\u043b\\u0435\\u043d\\u0438\\u044f.\\\"},{\\\"insert\\\":\\\"\\\\n\\\"}]}\", \"html\": \"<p><span style=\\\"color: rgb(122, 122, 122);\\\">\\u041f\\u0438\\u0446\\u0446\\u0430 \\u0425\\u0430\\u0440\\u044c\\u043a\\u043e\\u0432 \\u043f\\u043e\\u0440\\u0430\\u0434\\u0443\\u0435\\u0442 \\u0412\\u0430\\u0441 \\u0431\\u043e\\u043b\\u044c\\u0448\\u0438\\u043c \\u043a\\u043e\\u043b\\u0438\\u0447\\u0435\\u0441\\u0442\\u0432\\u043e\\u043c \\u043d\\u0430\\u0447\\u0438\\u043d\\u043a\\u0438 \\u0438 \\u043e\\u0433\\u0440\\u043e\\u043c\\u043d\\u0435\\u0439\\u0448\\u0438\\u043c \\u0441\\u043b\\u043e\\u0435\\u043c \\u0441\\u044b\\u0440\\u0430 \\u0441\\u0432\\u0435\\u0440\\u0445\\u0443. \\u0412 \\u0441\\u043e\\u0432\\u0440\\u0435\\u043c\\u0435\\u043d\\u043d\\u043e\\u043c \\u043c\\u0438\\u0440\\u0435 \\u0441 \\u0431\\u0435\\u0437\\u0443\\u043c\\u043d\\u044b\\u043c \\u0440\\u0438\\u0442\\u043c\\u043e\\u043c \\u0436\\u0438\\u0437\\u043d\\u0438 \\u0434\\u043e\\u0441\\u0442\\u0430\\u0432\\u043a\\u0430 \\u043f\\u0438\\u0446\\u0446\\u044b \\u0432 \\u0425\\u0430\\u0440\\u044c\\u043a\\u043e\\u0432\\u0435 \\u0441\\u0442\\u0430\\u043b\\u0430 \\u043f\\u043e\\u043b\\u044c\\u0437\\u043e\\u0432\\u0430\\u0442\\u044c\\u0441\\u044f \\u043e\\u0433\\u0440\\u043e\\u043c\\u043d\\u043e\\u0439 \\u043f\\u043e\\u043f\\u0443\\u043b\\u044f\\u0440\\u043d\\u043e\\u0441\\u0442\\u044c\\u044e. \\u0412 \\u0441\\u0435\\u043c\\u0435\\u0439\\u043d\\u043e\\u0439 \\u043f\\u0438\\u0446\\u0446\\u0435\\u0440\\u0438\\u0438 </span>Pikes Peak Pizza<span style=\\\"color: rgb(122, 122, 122);\\\"> \\u0440\\u0430\\u0431\\u043e\\u0442\\u0430\\u0435\\u0442 \\u043a\\u0440\\u0443\\u0433\\u043b\\u043e\\u0441\\u0443\\u0442\\u043e\\u0447\\u043d\\u0430\\u044f \\u0434\\u043e\\u0441\\u0442\\u0430\\u0432\\u043a\\u0430 \\u043f\\u0438\\u0446\\u0446\\u044b \\u0432 \\u0425\\u0430\\u0440\\u044c\\u043a\\u043e\\u0432\\u0435. \\u041a\\u0440\\u0443\\u0433\\u043b\\u043e\\u0441\\u0443\\u0442\\u043e\\u0447\\u043d\\u0430\\u044f \\u0434\\u043e\\u0441\\u0442\\u0430\\u0432\\u043a\\u0430 \\u043f\\u0438\\u0446\\u0446\\u044b \\u0432 \\u0425\\u0430\\u0440\\u044c\\u043a\\u043e\\u0432\\u0435 \\u0440\\u0430\\u0431\\u043e\\u0442\\u0430\\u0435\\u0442 \\u043a\\u0440\\u0443\\u0433\\u043b\\u043e\\u0433\\u043e\\u0434\\u0438\\u0447\\u043d\\u043e, \\u0432 \\u043b\\u044e\\u0431\\u043e\\u0435 \\u0432\\u0440\\u0435\\u043c\\u044f \\u0434\\u043d\\u044f \\u0438 \\u043d\\u043e\\u0447\\u0438, \\u0432 \\u043b\\u044e\\u0431\\u0443\\u044e \\u043f\\u043e\\u0433\\u043e\\u0434\\u0443.&nbsp;&nbsp;\\u041c\\u044b \\u0434\\u043e\\u0441\\u0442\\u0430\\u0432\\u0438\\u043c \\u0412\\u0430\\u0448\\u0443 \\u043b\\u044e\\u0431\\u0438\\u043c\\u0443\\u044e \\u043f\\u0438\\u0446\\u0446\\u0443 \\u0432 \\u043b\\u044e\\u0431\\u0443\\u044e \\u0442\\u043e\\u0447\\u043a\\u0443 \\u0433\\u043e\\u0440\\u043e\\u0434\\u0430. \\u0412\\u044b \\u043f\\u043e\\u043b\\u0443\\u0447\\u0438\\u0442\\u0435 \\u0433\\u043e\\u0442\\u043e\\u0432\\u043e\\u0435, \\u0432\\u044b\\u0431\\u0440\\u0430\\u043d\\u043d\\u043e\\u0435 \\u043d\\u0430 \\u0441\\u0432\\u043e\\u0439 \\u0432\\u043a\\u0443\\u0441 \\u0431\\u043b\\u044e\\u0434\\u043e \\u0431\\u044b\\u0441\\u0442\\u0440\\u043e, \\u0432 \\u0442\\u0435\\u0447\\u0435\\u043d\\u0438\\u0438 60 \\u043c\\u0438\\u043d\\u0443\\u0442. \\u041d\\u0430\\u0448\\u0438 \\u043f\\u0438\\u0446\\u0446\\u044b \\u0433\\u043e\\u0442\\u043e\\u0432\\u044f\\u0442\\u0441\\u044f \\u0441\\u043f\\u0435\\u0446\\u0438\\u0430\\u043b\\u044c\\u043d\\u043e \\u043e\\u0431\\u0443\\u0447\\u0435\\u043d\\u043d\\u044b\\u043c\\u0438 \\u043f\\u043e\\u0432\\u0430\\u0440\\u0430\\u043c\\u0438, \\u0442\\u043e\\u043b\\u044c\\u043a\\u043e \\u0438\\u0437 \\u0441\\u0432\\u0435\\u0436\\u0438\\u0445 \\u043f\\u0440\\u043e\\u0434\\u0443\\u043a\\u0442\\u043e\\u0432, \\u0438\\u0441\\u043f\\u043e\\u043b\\u044c\\u0437\\u0443\\u044f \\u0441\\u0442\\u0430\\u0440\\u0438\\u043d\\u043d\\u044b\\u0435 \\u0440\\u0435\\u0446\\u0435\\u043f\\u0442\\u044b \\u0438 \\u043d\\u043e\\u0432\\u0435\\u0439\\u0448\\u0438\\u0435 \\u0442\\u0435\\u0445\\u043d\\u043e\\u043b\\u043e\\u0433\\u0438 \\u043f\\u0440\\u0438\\u0433\\u043e\\u0442\\u043e\\u0432\\u043b\\u0435\\u043d\\u0438\\u044f.</span></p>\"}", "welcome_text_en": "{\"delta\": \"{\\\"ops\\\":[{\\\"insert\\\":\\\"Pizza Kharkiv will delight you with a large amount of filling and a huge layer of cheese on top. In the modern world with a crazy pace of life, pizza delivery in Kharkiv has become very popular. The family pizzeria Pikes Peak Pizza offers 24-hour pizza delivery in Kharkiv. 24-hour pizza delivery in Kharkiv works all year round, at any time of the day or night, in any weather. We will deliver your favorite pizza anywhere in the city. You will receive a ready-made dish of your choice quickly, within 60 minutes. Our pizzas are prepared by specially trained chefs, using only fresh products, using old recipes and the latest cooking technologies.\\\\n\\\"}]}\", \"html\": \"<p>Pizza Kharkiv will delight you with a large amount of filling and a huge layer of cheese on top. In the modern world with a crazy pace of life, pizza delivery in Kharkiv has become very popular. The family pizzeria Pikes Peak Pizza offers 24-hour pizza delivery in Kharkiv. 24-hour pizza delivery in Kharkiv works all year round, at any time of the day or night, in any weather. We will deliver your favorite pizza anywhere in the city. You will receive a ready-made dish of your choice quickly, within 60 minutes. Our pizzas are prepared by specially trained chefs, using only fresh products, using old recipes and the latest cooking technologies.</p>\"}", "menu_categories_text": "{\"delta\": \"{\\\"ops\\\":[{\\\"insert\\\":\\\"\\\\n\\\"}]}\", \"html\": \"<p><br></p>\"}", "menu_categories_text_uk": "{\"delta\": \"{\\\"ops\\\":[{\\\"insert\\\":\\\"\\\\n\\\"}]}\", \"html\": \"<p><br></p>\"}", "menu_categories_text_ru": "{\"delta\": \"{\\\"ops\\\":[{\\\"insert\\\":\\\"\\\\n\\\"}]}\", \"html\": \"<p><br></p>\"}", "menu_categories_text_en": "{\"delta\": \"{\\\"ops\\\":[{\\\"insert\\\":\\\"\\\\n\\\"}]}\", \"html\": \"<p><br></p>\"}", "pizza_menu_text": "{\"delta\": \"{\\\"ops\\\":[{\\\"insert\\\":\\\"\\\\n\\\"}]}\", \"html\": \"<p><br></p>\"}", "pizza_menu_text_uk": "{\"delta\": \"{\\\"ops\\\":[{\\\"insert\\\":\\\"\\\\n\\\"}]}\", \"html\": \"<p><br></p>\"}", "pizza_menu_text_ru": "{\"delta\": \"{\\\"ops\\\":[{\\\"insert\\\":\\\"\\\\n\\\"}]}\", \"html\": \"<p><br></p>\"}", "pizza_menu_text_en": "{\"delta\": \"{\\\"ops\\\":[{\\\"insert\\\":\\\"\\\\n\\\"}]}\", \"html\": \"<p><br></p>\"}", "reservation_text": "{\"delta\": \"{\\\"ops\\\":[{\\\"insert\\\":\\\"\\\\n\\\"}]}\", \"html\": \"<p><br></p>\"}", "reservation_text_uk": "{\"delta\": \"{\\\"ops\\\":[{\\\"insert\\\":\\\"\\\\n\\\"}]}\", \"html\": \"<p><br></p>\"}", "reservation_text_ru": "{\"delta\": \"{\\\"ops\\\":[{\\\"insert\\\":\\\"\\\\n\\\"}]}\", \"html\": \"<p><br></p>\"}", "reservation_text_en": "{\"delta\": \"{\\\"ops\\\":[{\\\"insert\\\":\\\"\\\\n\\\"}]}\", \"html\": \"<p><br></p>\"}", "working_time_text": "працюємо без вихідних", "working_time_text_uk": "працюємо без вихідних", "working_time_text_ru": "работаем без выходных", "working_time_text_en": "we work seven days a week", "saturday_work_start": "11:00", "saturday_work_finish": "23:00", "sunday_work_start": "12:00", "sunday_work_finish": "23:00", "weekday_work_start": "10:00", "weekday_work_finish": "23:00"}}, {"model": "pizzeria.pizzauser", "pk": 1, "fields": {"password": "pbkdf2_sha256$216000$FLMz0mPUR4A4$ysAYCP95z9t8u5C66XuYPhXr1q5LQ4JmVWUOFzAV3dM=", "last_login": "2021-03-25T16:13:56.335Z", "is_superuser": true, "username": "admin", "first_name": "", "last_name": "", "email": "", "is_staff": true, "is_active": true, "date_joined": "2021-02-25T22:58:28.029Z", "language": "UK", "about": null, "telegram_name": null, "telegram_id": null, "viber": null, "phone_number": null, "slug": "admin", "groups": [], "user_permissions": []}}, {"model": "pizzeria.category", "pk": 1, "fields": {"title": "Піца", "title_uk": "Піца", "title_ru": "Пицца", "title_en": "Pizza", "size_name": "Діаметр", "size_name_uk": "Діаметр", "size_name_ru": "Диаметр", "size_name_en": "Diameter", "size_unit": "см", "size_unit_uk": "см", "size_unit_ru": "см", "size_unit_en": "cm", "description": null, "description_uk": null, "description_ru": null, "description_en": null, "image": "categories_images/bella-mozzarella.jpg", "is_active": true, "is_on_front": true, "slug": "pizza"}}, {"model": "pizzeria.category", "pk": 2, "fields": {"title": "Безалкогольні напої", "title_uk": "Безалкогольні напої", "title_ru": "Безалкогольные напитки", "title_en": "non-alcoholic drinks", "size_name": "об'єм", "size_name_uk": "об'єм", "size_name_ru": "объем", "size_name_en": "volume", "size_unit": "л.", "size_unit_uk": "л.", "size_unit_ru": "л.", "size_unit_en": "L.", "description": null, "description_uk": null, "description_ru": null, "description_en": null, "image": "categories_images/no_alco_drinks.webp", "is_active": true, "is_on_front": true, "slug": "non-alcoholic-drinks"}}, {"model": "pizzeria.category", "pk": 3, "fields": {"title": "Пиво та сидр", "title_uk": "Пиво та сидр", "title_ru": "Пиво и сидр", "title_en": "Beer", "size_name": "об'єм", "size_name_uk": "об'єм", "size_name_ru": "объем", "size_name_en": "volume", "size_unit": "л.", "size_unit_uk": "л.", "size_unit_ru": "л.", "size_unit_en": "L.", "description": null, "description_uk": null, "description_ru": null, "description_en": null, "image": "categories_images/beer.jpg", "is_active": true, "is_on_front": true, "slug": "pivo-ta-sidr"}}, {"model": "pizzeria.category", "pk": 4, "fields": {"title": "Бургери", "title_uk": "Бургери", "title_ru": "Бургери", "title_en": "Burgers", "size_name": null, "size_name_uk": null, "size_name_ru": null, "size_name_en": null, "size_unit": "шт.", "size_unit_uk": "шт.", "size_unit_ru": "шт.", "size_unit_en": "PCS.", "description": null, "description_uk": null, "description_ru": null, "description_en": null, "image": "categories_images/burgers.jpg", "is_active": true, "is_on_front": true, "slug": "burgeri"}}, {"model": "pizzeria.category", "pk": 5, "fields": {"title": "Десерти", "title_uk": "Десерти", "title_ru": "Десерты", "title_en": "Desserts", "size_name": null, "size_name_uk": null, "size_name_ru": null, "size_name_en": null, "size_unit": "шт.", "size_unit_uk": "шт.", "size_unit_ru": "шт.", "size_unit_en": "PCS.", "description": null, "description_uk": null, "description_ru": null, "description_en": null, "image": "categories_images/menu_item_4.jpg", "is_active": true, "is_on_front": true, "slug": "deserti"}}, {"model": "pizzeria.category", "pk": 6, "fields": {"title": "Сети", "title_uk": "Сети", "title_ru": "Сеты", "title_en": "Sets", "size_name": null, "size_name_uk": null, "size_name_ru": null, "size_name_en": null, "size_unit": "шт.", "size_unit_uk": "шт.", "size_unit_ru": "шт.", "size_unit_en": "PCS.", "description": null, "description_uk": null, "description_ru": null, "description_en": null, "image": "categories_images/sets.JPG", "is_active": true, "is_on_front": true, "slug": "seti"}}, {"model": "pizzeria.food", "pk": 1, "fields": {"title": "Піца Маргарита", "title_uk": "Піца Маргарита", "title_ru": "Пицца Маргарита", "title_en": "Pizza Margarita", "category": 1, "description": "(Соус пелаті, вершки, бекон, куряче філе, сир радомер, сир чеддер, сир моцарелла, мікс салату, в'ялені томати, соус песто). Вага: 760 грам", "description_uk": "(Соус пелаті, вершки, бекон, куряче філе, сир радомер, сир чеддер, сир моцарелла, мікс салату, в'ялені томати, соус песто). Вага: 760 грам", "description_ru": "(соус пелати, сливки, бекон, куриное филе, сыр радомер, сыр чеддер, сыр моцарелла, микс салата, вяленые томаты, соус песто). Вес: 760 грамм", "description_en": "(pelati sauce, cream, bacon, chicken fillet, radomer cheese, cheddar cheese, mozzarella cheese, salad mix, sun-dried tomatoes, pesto sauce). Weight: 760 grams", "image": "categories_images/bella-mozzarella_vfu1GLU.jpg", "is_active": true, "is_vegetarian": false, "is_spicy": false, "is_it_for_kids": false, "is_on_front": true, "slug": "margarita"}}, {"model": "pizzeria.food", "pk": 2, "fields": {"title": "Піца Прошутто", "title_uk": "Піца Прошутто", "title_ru": "Пицца Прошутто", "title_en": "Pizza Prosciutto", "category": 1, "description": "Соус Пелата, вершки, Пармська шинка, груша, сир Дор блю, сир моцарелла, соус бальзамічний", "description_uk": "Соус Пелата, вершки, Пармська шинка, груша, сир Дор блю, сир моцарелла, соус бальзамічний", "description_ru": "соус пелати, сливки, Пармская ветчина, груша, сыр Дор блю, сыр моцарелла, соус бальзамический", "description_en": "pelati sauce, cream, Parma ham, pear, Dor blue cheese, mozzarella cheese, balsamic sauce", "image": "categories_images/proshiutoo.jpg", "is_active": true, "is_vegetarian": false, "is_spicy": false, "is_it_for_kids": false, "is_on_front": false, "slug": "pitsa-proshutto"}}, {"model": "pizzeria.food", "pk": 3, "fields": {"title": "Піца Качча", "title_uk": "Піца Качча", "title_ru": "Пицца Качча", "title_en": "Pizza Kacha", "category": 1, "description": "Соус Пелата, ковбаски мисливські, сир моцарелла, перець гострий, соус Чилі", "description_uk": "Соус Пелата, ковбаски мисливські, сир моцарелла, перець гострий, соус Чилі", "description_ru": "соус пелати, колбаски охотничьи,  сыр моцарелла, перец острый,  соус Чили", "description_en": "pelati sauce, hunting sausages, mozzarella cheese, hot peppers, chili sauce", "image": "categories_images/kachha-bella.jpg", "is_active": true, "is_vegetarian": false, "is_spicy": true, "is_it_for_kids": false, "is_on_front": true, "slug": "pitsa-kachcha"}}, {"model": "pizzeria.food", "pk": 4, "fields": {"title": "Піцца Вітаміна", "title_uk": "Піцца Вітаміна", "title_ru": "Пицца Витамина", "title_en": "Pizza Vitamina", "category": 1, "description": "соус Пелата, перець солодкий, кабачок, печериці, оливки, соус Чилі, арахіс", "description_uk": "соус Пелата, перець солодкий, кабачок, печериці, оливки, соус Чилі, арахіс", "description_ru": "соус пелати, перец сладкий, кабачок, шампиньоны, оливки, соус Чили, арахис", "description_en": "pelati sauce, sweet pepper, zucchini, mushrooms, olives, chili sauce, peanuts", "image": "categories_images/bella-vitamina.jpg", "is_active": true, "is_vegetarian": true, "is_spicy": false, "is_it_for_kids": false, "is_on_front": true, "slug": "pitstsa-vitamina"}}, {"model": "pizzeria.food", "pk": 5, "fields": {"title": "Піца Карбонара", "title_uk": "Піца Карбонара", "title_ru": "Пицца Карбонара", "title_en": "Pizza Carbonara", "category": 1, "description": "вершковий соус, куряче яйце, сир Моцарелла, сир Пармезан, бекон", "description_uk": "вершковий соус, куряче яйце, сир Моцарелла, сир Пармезан, бекон", "description_ru": "сливочный соус, куриное яйцо, сыр Моцарелла, сыр Пармезан, бекон", "description_en": "creamy sauce, chicken egg, Mozzarella cheese, Parmesan cheese, bacon", "image": "categories_images/karbonara.jpg", "is_active": true, "is_vegetarian": false, "is_spicy": false, "is_it_for_kids": false, "is_on_front": true, "slug": "pitsa-karbonara"}}, {"model": "pizzeria.food", "pk": 6, "fields": {"title": "Піца Сальмоне", "title_uk": "Піца Сальмоне", "title_ru": "Пицца Сальмоне", "title_en": "Pizza Salmon", "category": 1, "description": "соус Пелата, сир Моцарелла, лосось, помідори Черрі, в'ялені томати, мікс салату, соус песто", "description_uk": "соус Пелата, сир Моцарелла, лосось, помідори Черрі, в'ялені томати, мікс салату, соус песто", "description_ru": "соус пелати, сыр Моцарелла, лосось, помидоры Черри, вяленые томаты,  микс салата, соус песто", "description_en": "Pelati sauce, Mozzarella cheese, salmon, Cherry tomatoes, sun-dried tomatoes, salad mix, pesto sauce", "image": "categories_images/bella-salmone-2.jpg", "is_active": true, "is_vegetarian": false, "is_spicy": false, "is_it_for_kids": false, "is_on_front": true, "slug": "pitsa-salmone"}}, {"model": "pizzeria.food", "pk": 7, "fields": {"title": "Піца Кватро Формаджіо", "title_uk": "Піца Кватро Формаджіо", "title_ru": "Пицца Кватро Формаджио", "title_en": "Pizza Quatro Formaggio", "category": 1, "description": "соус вершковий, сир Дор блю, сир Чеддер, сир Моцарелла, сир Пармезан", "description_uk": "соус вершковий, сир Дор блю, сир Чеддер, сир Моцарелла, сир Пармезан", "description_ru": "соус сливочный, сыр Дор блю, сыр Чеддер, сыр Моцарелла, сыр Пармезан", "description_en": "cream sauce, Dor blue cheese, Cheddar cheese, Mozzarella cheese, Parmesan cheese", "image": "categories_images/quatro-formaggio_1.jpg", "is_active": true, "is_vegetarian": false, "is_spicy": false, "is_it_for_kids": false, "is_on_front": true, "slug": "pitsa-kvatro-formadzhio"}}, {"model": "pizzeria.food", "pk": 8, "fields": {"title": "Burger Combo", "title_uk": "Burger Combo", "title_ru": "Burger Combo", "title_en": "Burger Combo", "category": 6, "description": "Бургер класичний - 1 шт (булка пшеничне, соус барбекю, мікс салату, цибуля ялтинський солодкий, помідор, пивні огірки, котлета з телятини, соус гірчичний). Вага: 360 грам\r\nБургер Чіз Бекон - 1 шт (булка пшеничне, соус барбекю, мікс салату, цибуля ялтинський солодкий, помідор, котлета з телятини, сир чеддер, пивні огірки, бекон, соус гірчичний). Вага: 360 грам\r\nКартопля фрі по 150 грам - 2 порції\r\nСоус кетчуп 1шт - 50 грам\r\nСоус сирний 1шт - 50 грам\r\nКреветка тигрова - 60 грам / 3шт.\r\nСмажений сир Моцарелла - 100 грам.\r\nСалат Коул Слоу - 70 грам\r\nPepsi - 1л", "description_uk": "Бургер класичний - 1 шт (булка пшеничне, соус барбекю, мікс салату, цибуля ялтинський солодкий, помідор, пивні огірки, котлета з телятини, соус гірчичний). Вага: 360 грам\r\nБургер Чіз Бекон - 1 шт (булка пшеничне, соус барбекю, мікс салату, цибуля ялтинський солодкий, помідор, котлета з телятини, сир чеддер, пивні огірки, бекон, соус гірчичний). Вага: 360 грам\r\nКартопля фрі по 150 грам - 2 порції\r\nСоус кетчуп 1шт - 50 грам\r\nСоус сирний 1шт - 50 грам\r\nКреветка тигрова - 60 грам / 3шт.\r\nСмажений сир Моцарелла - 100 грам.\r\nСалат Коул Слоу - 70 грам\r\nPepsi - 1л", "description_ru": "Бургер классический  — 1 шт (булка пшеничная, соус барбекю, микс салата, лук ялтинский сладкий, помидор, пивные огурцы, котлета из телятины, соус горчичный).  Вес: 360 грамм\r\nБургер Чиз Бекон  — 1 шт (булка пшеничная, соус барбекю, микс салата, лук ялтинский сладкий, помидор, котлета из телятины, сыр чеддер, пивные огурцы, бекон, соус горчичный). Вес: 360 грамм\r\nКартофель фри по 150 грамм —  2 порции\r\nСоус кетчуп 1шт — 50 грамм\r\nСоус сырный 1шт — 50 грамм\r\nКреветка тигровая — 60 грамм/3шт.\r\nЖаренный сыр Моцарелла — 100 грамм.\r\nСалат Коул Слоу — 70 грамм\r\nPepsi — 1л", "description_en": "Classic burger - 1 pc (wheat loaf, barbecue sauce, salad mix, sweet Yalta onion, tomato, beer cucumbers, veal cutlet, mustard sauce). Weight: 360 grams\r\nBurger Cheese Bacon - 1 pc (wheat bun, barbecue sauce, salad mix, sweet Yalta onion, tomato, veal cutlet, cheddar cheese, beer cucumbers, bacon, mustard sauce). Weight: 360 grams\r\nFrench fries 150 grams each - 2 servings\r\nKetchup sauce 1pc - 50 grams\r\nCheese sauce 1pc - 50 grams\r\nTiger shrimp - 60 grams / 3pcs.\r\nFried Mozzarella cheese - 100 grams.\r\nCole Slow Salad - 70 grams\r\nPepsi - 1L", "image": "categories_images/BURGERCOMBO-min-1.jpg", "is_active": true, "is_vegetarian": false, "is_spicy": false, "is_it_for_kids": false, "is_on_front": true, "slug": "burger-combo"}}, {"model": "pizzeria.food", "pk": 9, "fields": {"title": "Піца Сет №1", "title_uk": "Піца Сет №1", "title_ru": "Пицца Сет №1", "title_en": "Pizza Set №1", "category": 6, "description": "Піца Корида (соус Пелата, сир моцарелла, салямі). Вага: 520 грам\r\n\r\nПіца Аве Цезар (соус Цезар, вершки, філе куряче, помідор черрі, сир моцарелла, мікс салату). Вага: 600 грам", "description_uk": "Піца Корида (соус Пелата, сир моцарелла, салямі). Вага: 520 грам\r\n\r\nПіца Аве Цезар (соус Цезар, вершки, філе куряче, помідор черрі, сир моцарелла, мікс салату). Вага: 600 грам", "description_ru": "Пицца Коррида (соус пелати, сыр моцарелла, салями). Вес: 520 грамм\r\n\r\nПицца Аве Цезарь (соус Цезарь, сливки, филе куриное, помидор черри, сыр моцарелла, микс салата). Вес: 600 грамм", "description_en": "Pizza Bullfighting (Pelati sauce, mozzarella cheese, salami). Weight: 520 grams\r\n\r\nAve Caesar pizza (Caesar sauce, cream, chicken fillet, cherry tomato, mozzarella cheese, salad mix). Weight: 600 grams", "image": "categories_images/DUO-1-min-1.jpg", "is_active": true, "is_vegetarian": false, "is_spicy": false, "is_it_for_kids": false, "is_on_front": false, "slug": "duo-pizza-no-1"}}, {"model": "pizzeria.food", "pk": 10, "fields": {"title": "Піца Сет №2", "title_uk": "Піца Сет №2", "title_ru": "Пицца Сет №2", "title_en": "Pizza Set №2", "category": 6, "description": "Піца Кватро Формаджі (соус вершковий, сир Дор блю, сир Чеддер, сир Моцарелла, сир Пармезан). Вага: 570 грам\r\nПіца Белла Вителло (соус Пелата, телятина, сир Дор блю, сир Радомер, сир Моцарелла, цибуля ялтинська, гриби печериці, помідори в'ялені). Вага: 680 грам", "description_uk": "Піца Кватро Формаджі (соус вершковий, сир Дор блю, сир Чеддер, сир Моцарелла, сир Пармезан). Вага: 570 грам\r\nПіца Белла Вителло (соус Пелата, телятина, сир Дор блю, сир Радомер, сир Моцарелла, цибуля ялтинська, гриби печериці, помідори в'ялені). Вага: 680 грам", "description_ru": "Пицца Кватро Формаджио (соус сливочный, сыр Дор блю, сыр Чеддер, сыр Моцарелла, сыр Пармезан). Вес: 570 грамм\r\nПицца Белла Вителло (соус пелати, телятина, сыр Дор блю, сыр Радомер, сыр Моцарелла, лук ялтинский, грибы шампиньоны, помидоры вяленые). Вес: 680 грамм", "description_en": "Pizza Quatro Formaggio (cream sauce, Dor blue cheese, Cheddar cheese, Mozzarella cheese, Parmesan cheese). Weight: 570 grams\r\nBella Vitello pizza (pelati sauce, veal, Dor blue cheese, Radomer cheese, Mozzarella cheese, Yalta onion, champignon mushrooms, sun-dried tomatoes). Weight: 680 grams", "image": "categories_images/PIZZASET-2-min-1.jpg", "is_active": true, "is_vegetarian": false, "is_spicy": false, "is_it_for_kids": false, "is_on_front": false, "slug": "pitsa-set-no-2"}}, {"model": "pizzeria.food", "pk": 11, "fields": {"title": "Бургер класичний", "title_uk": "Бургер класичний", "title_ru": "Бургер классический", "title_en": "Burger classic", "category": 4, "description": "булка пшенична, соус барбекю, мікс салату, цибуля ялтинська солодка, помідор, пивні огірки, котлета з телятини, соус гірчичний", "description_uk": "булка пшенична, соус барбекю, мікс салату, цибуля ялтинська солодка, помідор, пивні огірки, котлета з телятини, соус гірчичний", "description_ru": "булка пшеничная, соус барбекю, микс салата, лук ялтинский сладкий, помидор, пивные огурцы, котлета из телятины, соус горчичный", "description_en": "wheat bun, barbecue sauce, salad mix, sweet Yalta onion, tomato, beer cucumbers, veal cutlet, mustard sauce", "image": "categories_images/burger-classicheskij_1.jpg", "is_active": true, "is_vegetarian": false, "is_spicy": false, "is_it_for_kids": false, "is_on_front": false, "slug": "burger-klasichnii"}}, {"model": "pizzeria.food", "pk": 12, "fields": {"title": "Бургер Чиз бекон", "title_uk": "Бургер Чиз бекон", "title_ru": "Бургер Чиз бекон", "title_en": "Burger Cheese Bacon", "category": 4, "description": "булка пшеничне, соус барбекю, мікс салату, цибуля ялтинський солодкий, помідор, котлета з телятини, сир чеддер, пивні огірки, бекон, соус гірчичний", "description_uk": "булка пшеничне, соус барбекю, мікс салату, цибуля ялтинський солодкий, помідор, котлета з телятини, сир чеддер, пивні огірки, бекон, соус гірчичний", "description_ru": "булка пшеничная, соус барбекю, микс салата, лук ялтинский сладкий, помидор, котлета из телятины, сыр чеддер, пивные огурцы, бекон, соус горчичный", "description_en": "wheat bun, barbecue sauce, salad mix, sweet Yalta onion, tomato, veal cutlet, cheddar cheese, beer cucumbers, bacon, mustard sauce", "image": "categories_images/burger-cheese-bekon_1.jpg", "is_active": true, "is_vegetarian": false, "is_spicy": false, "is_it_for_kids": false, "is_on_front": false, "slug": "burger-chiz-bekon"}}, {"model": "pizzeria.food", "pk": 13, "fields": {"title": "класичний Наполеон", "title_uk": "класичний Наполеон", "title_ru": "Классический Наполеон", "title_en": "Classic Napoleon", "category": 5, "description": "листкове тісто, заварний французький крем", "description_uk": "листкове тісто, заварний французький крем", "description_ru": "слоёное тесто, заварной французский крем", "description_en": "puff pastry, French custard", "image": "categories_images/napoleon.jpg", "is_active": true, "is_vegetarian": false, "is_spicy": false, "is_it_for_kids": false, "is_on_front": false, "slug": "klasichnii-napoleon"}}, {"model": "pizzeria.food", "pk": 14, "fields": {"title": "Чізкейк New York", "title_uk": "Чізкейк New York", "title_ru": "Чизкейк New York", "title_en": "Cheesecake New York", "category": 5, "description": "Ніжний десерт з ванільно-сирною основою на пісочній подушці", "description_uk": "Ніжний десерт з ванільно-сирною основою на пісочній подушці", "description_ru": "Нежнейший десерт с ванильно-сырной основой на песочной подушке", "description_en": "Delicate dessert with vanilla-cheese base on a sand cushion", "image": "categories_images/chizkeik-1.jpg", "is_active": true, "is_vegetarian": false, "is_spicy": false, "is_it_for_kids": false, "is_on_front": false, "slug": "chizkeik-new-york"}}, {"model": "pizzeria.food", "pk": 15, "fields": {"title": "Сидр Somersby чорниця", "title_uk": "Сидр Somersby чорниця", "title_ru": "Сидр Somersby черника", "title_en": "Somersby blueberry cider", "category": 3, "description": null, "description_uk": null, "description_ru": null, "description_en": null, "image": "categories_images/Somersby_Blueberry.jpg", "is_active": true, "is_vegetarian": false, "is_spicy": false, "is_it_for_kids": false, "is_on_front": false, "slug": "sidr-somersby-chornitsia"}}, {"model": "pizzeria.food", "pk": 16, "fields": {"title": "Пиво Dunkel темне", "title_uk": "Пиво Dunkel темне", "title_ru": "Пиво Dunkel темное", "title_en": "Dunkel dark beer", "category": 3, "description": null, "description_uk": null, "description_ru": null, "description_en": null, "image": "categories_images/Glass_LV_Dunkel.jpg", "is_active": true, "is_vegetarian": false, "is_spicy": false, "is_it_for_kids": false, "is_on_front": false, "slug": "pivo-dunkel-temne"}}, {"model": "pizzeria.food", "pk": 17, "fields": {"title": "Kronenbourg Blanc нефільтроване", "title_uk": "Kronenbourg Blanc нефільтроване", "title_ru": "Kronenbourg Blanc нефильтрованное", "title_en": "Kronenbourg Blanc unfiltered", "category": 3, "description": null, "description_uk": null, "description_ru": null, "description_en": null, "image": "categories_images/BLANC.jpg", "is_active": true, "is_vegetarian": false, "is_spicy": false, "is_it_for_kids": false, "is_on_front": false, "slug": "kronenbourg-blanc-nefiltrovane"}}, {"model": "pizzeria.food", "pk": 18, "fields": {"title": "Pepsi", "title_uk": "Pepsi", "title_ru": "Pepsi", "title_en": "Pepsi", "category": 2, "description": null, "description_uk": null, "description_ru": null, "description_en": null, "image": "categories_images/Pepsi_1L_REG-1.png", "is_active": true, "is_vegetarian": false, "is_spicy": false, "is_it_for_kids": false, "is_on_front": false, "slug": "pepsi"}}, {"model": "pizzeria.food", "pk": 19, "fields": {"title": "Сік Sandora Апельсин", "title_uk": "Сік Sandora Апельсин", "title_ru": "Сок Sandora Апельсин", "title_en": "Sandora Juice Orange", "category": 2, "description": null, "description_uk": null, "description_ru": null, "description_en": null, "image": "categories_images/Orange-2.png", "is_active": true, "is_vegetarian": false, "is_spicy": false, "is_it_for_kids": false, "is_on_front": false, "slug": "sik-sandora-apelsin"}}, {"model": "pizzeria.size", "pk": 1, "fields": {"category": 1, "value": 40.0}}, {"model": "pizzeria.size", "pk": 2, "fields": {"category": 1, "value": 30.0}}, {"model": "pizzeria.size", "pk": 3, "fields": {"category": 2, "value": 1.0}}, {"model": "pizzeria.size", "pk": 4, "fields": {"category": 2, "value": 0.5}}, {"model": "pizzeria.size", "pk": 5, "fields": {"category": 6, "value": 1.0}}, {"model": "pizzeria.size", "pk": 6, "fields": {"category": 4, "value": 1.0}}, {"model": "pizzeria.size", "pk": 7, "fields": {"category": 5, "value": 1.0}}, {"model": "pizzeria.size", "pk": 8, "fields": {"category": 3, "value": 0.5}}, {"model": "pizzeria.size", "pk": 10, "fields": {"category": 2, "value": 0.95}}, {"model": "pizzeria.price", "pk": 1, "fields": {"food": 1, "size": 1, "value": 150.0}}, {"model": "pizzeria.price", "pk": 2, "fields": {"food": 1, "size": 2, "value": 120.0}}, {"model": "pizzeria.price", "pk": 3, "fields": {"food": 2, "size": 1, "value": 157.0}}, {"model": "pizzeria.price", "pk": 4, "fields": {"food": 3, "size": 2, "value": 149.0}}, {"model": "pizzeria.price", "pk": 5, "fields": {"food": 3, "size": 1, "value": 170.0}}, {"model": "pizzeria.price", "pk": 6, "fields": {"food": 4, "size": 2, "value": 90.0}}, {"model": "pizzeria.price", "pk": 7, "fields": {"food": 4, "size": 1, "value": 109.0}}, {"model": "pizzeria.price", "pk": 8, "fields": {"food": 5, "size": 2, "value": 169.0}}, {"model": "pizzeria.price", "pk": 9, "fields": {"food": 5, "size": 1, "value": 180.0}}, {"model": "pizzeria.price", "pk": 10, "fields": {"food": 6, "size": 2, "value": 140.0}}, {"model": "pizzeria.price", "pk": 11, "fields": {"food": 6, "size": 1, "value": 173.0}}, {"model": "pizzeria.price", "pk": 12, "fields": {"food": 7, "size": 2, "value": 150.0}}, {"model": "pizzeria.price", "pk": 13, "fields": {"food": 7, "size": 1, "value": 169.0}}, {"model": "pizzeria.price", "pk": 14, "fields": {"food": 8, "size": 5, "value": 500.0}}, {"model": "pizzeria.price", "pk": 15, "fields": {"food": 9, "size": 5, "value": 249.0}}, {"model": "pizzeria.price", "pk": 16, "fields": {"food": 10, "size": 5, "value": 265.0}}, {"model": "pizzeria.price", "pk": 17, "fields": {"food": 11, "size": 6, "value": 150.0}}, {"model": "pizzeria.price", "pk": 18, "fields": {"food": 12, "size": 5, "value": 180.0}}, {"model": "pizzeria.price", "pk": 19, "fields": {"food": 13, "size": 7, "value": 80.0}}, {"model": "pizzeria.price", "pk": 20, "fields": {"food": 14, "size": 7, "value": 70.0}}, {"model": "pizzeria.price", "pk": 21, "fields": {"food": 15, "size": 8, "value": 35.0}}, {"model": "pizzeria.price", "pk": 22, "fields": {"food": 16, "size": 8, "value": 37.0}}, {"model": "pizzeria.price", "pk": 23, "fields": {"food": 17, "size": 8, "value": 45.0}}, {"model": "pizzeria.price", "pk": 25, "fields": {"food": 18, "size": 3, "value": 32.0}}, {"model": "pizzeria.price", "pk": 26, "fields": {"food": 18, "size": 4, "value": 16.0}}, {"model": "pizzeria.price", "pk": 27, "fields": {"food": 19, "size": 10, "value": 55.0}}, {"model": "pizzeria.order", "pk": 1, "fields": {"created_at": "2021-03-04T12:57:27Z", "status": 0, "user": 1, "paid": false, "finished": false}}, {"model": "pizzeria.orderitem", "pk": 1, "fields": {"order": 1, "food": 1, "food_two": null, "size": 2, "price": 230.0, "addon": []}}, {"model": "pizzeria.mainpageslide", "pk": 1, "fields": {"food": 9, "title": "Піца Сет №1", "title_uk": "Піца Сет №1", "title_ru": "Пицца Сет №1", "title_en": "Pizza Set №1", "description": "Піца Белла Вителло (соус Пелата, телятина, сир Дор блю, сир Радомер, сир Моцарелла, цибуля ялтинська, гриби печериці, помідори в'ялені). Вага: 680 грам\r\nПіца Качча Белла (соус Пелата, ковбаски мисливські, сир моцарелла, перець гострий, соус Чилі). Вага: 600 грам", "description_uk": "Піца Белла Вителло (соус Пелата, телятина, сир Дор блю, сир Радомер, сир Моцарелла, цибуля ялтинська, гриби печериці, помідори в'ялені). Вага: 680 грам\r\nПіца Качча Белла (соус Пелата, ковбаски мисливські, сир моцарелла, перець гострий, соус Чилі). Вага: 600 грам", "description_ru": "Пицца Белла Вителло (соус пелати, телятина, сыр Дор блю, сыр Радомер, сыр Моцарелла, лук ялтинский, грибы шампиньоны, помидоры вяленые). Вес: 680 грамм\r\nПицца Качча Белла (соус пелати, колбаски охотничьи,  сыр моцарелла, перец острый,  соус Чили). Вес: 600 грамм", "description_en": "Bella Vitello pizza (pelati sauce, veal, Dor blue cheese, Radomer cheese, Mozzarella cheese, Yalta onion, champignon mushrooms, sun-dried tomatoes). Weight: 680 grams\r\nPizza Caccia Bella (pelati sauce, hunting sausages, mozzarella cheese, hot pepper, chili sauce). Weight: 600 grams", "image": "slider_images/main_slider_img-1.png", "is_active": true}}, {"model": "pizzeria.mainpageslide", "pk": 2, "fields": {"food": 10, "title": "Піца Сет №2", "title_uk": "Піца Сет №2", "title_ru": "Пицца Сет №2", "title_en": "Pizza Set №2", "description": "Піца Кватро Формаджі (соус вершковий, сир Дор блю, сир Чеддер, сир Моцарелла, сир Пармезан). Вага: 570 грам\r\nПіца Белла Вителло (соус Пелата, телятина, сир Дор блю, сир Радомер, сир Моцарелла, цибуля ялтинська, гриби печериці, помідори в'ялені). Вага: 680 грам", "description_uk": "Піца Кватро Формаджі (соус вершковий, сир Дор блю, сир Чеддер, сир Моцарелла, сир Пармезан). Вага: 570 грам\r\nПіца Белла Вителло (соус Пелата, телятина, сир Дор блю, сир Радомер, сир Моцарелла, цибуля ялтинська, гриби печериці, помідори в'ялені). Вага: 680 грам", "description_ru": "Пицца Кватро Формаджио (соус сливочный, сыр Дор блю, сыр Чеддер, сыр Моцарелла, сыр Пармезан). Вес: 570 грамм\r\nПицца Белла Вителло (соус пелати, телятина, сыр Дор блю, сыр Радомер, сыр Моцарелла, лук ялтинский, грибы шампиньоны, помидоры вяленые). Вес: 680 грамм", "description_en": "Pizza Quatro Formaggio (cream sauce, Dor blue cheese, Cheddar cheese, Mozzarella cheese, Parmesan cheese). Weight: 570 grams\r\nBella Vitello pizza (pelati sauce, veal, Dor blue cheese, Radomer cheese, Mozzarella cheese, Yalta onion, champignon mushrooms, sun-dried tomatoes). Weight: 680 grams", "image": "slider_images/main_slider_img-2.png", "is_active": true}}]